Player,Offseason Year,Contract Years,AAV,Predicted AAV,Predicted Years,AAV Difference,Year Difference
Adam Ottavino,2019,3," 8,000,000.00 "," 9,049,787.76 ",2,-1049787.76,1.10
Adam Ottavino,2022,1," 4,000,000.00 "," 4,635,579.72 ",1,-635579.72,-0.11
Adam Ottavino,2023,2," 7,250,000.00 "," 8,356,229.95 ",2,-1106229.95,0.12
Adam Ottavino,2024,1," 4,500,000.00 "," 4,861,783.88 ",1,-361783.88,-0.33
Adam Wainwright,2019,1," 2,000,000.00 "," 4,295,822.77 ",1,-2295822.77,-0.07
Adam Wainwright,2020,1," 5,000,000.00 "," 5,898,403.04 ",1,-898403.04,-0.03
Adam Wainwright,2021,1," 8,000,000.00 "," 6,838,621.93 ",1,1161378.07,-0.23
Alex Cobb,2018,4," 14,250,000.00 "," 13,868,987.77 ",2,381012.23,1.73
Alex Cobb,2022,2," 10,000,000.00 "," 8,939,962.21 ",2,1060037.79,0.50
Alex Wood,2020,1," 4,000,000.00 "," 8,702,790.26 ",2,-4702790.26,-1.44
Alex Wood,2022,2," 12,500,000.00 "," 12,944,220.98 ",3,-444220.98,-0.70
Alex Wood,2024,1," 8,500,000.00 "," 7,346,160.83 ",1,1153839.17,-0.25
Andrew Cashner,2017,1," 10,000,000.00 "," 7,785,216.64 ",1,2214783.36,-0.26
Andrew Cashner,2018,2," 8,000,000.00 "," 9,598,397.18 ",1,-1598397.18,0.82
Andrew Chafin,2021,1," 2,250,000.00 "," 4,312,422.49 ",1,-2062422.49,-0.34
Andrew Chafin,2022,2," 6,500,000.00 "," 7,746,976.64 ",2,-1246976.64,0.05
Andrew Miller,2019,2," 12,500,000.00 "," 14,498,843.28 ",2,-1998843.28,-0.18
Anthony DeSclafani,2021,1," 6,000,000.00 "," 8,794,606.09 ",2,-2794606.09,-1.00
Anthony DeSclafani,2022,3," 12,000,000.00 "," 12,884,034.52 ",2,-884034.52,1.05
Aroldis Chapman,2017,5," 17,200,000.00 "," 15,180,514.70 ",2,2019485.30,2.75
Bartolo Colon,2016,1," 7,250,000.00 "," 8,441,874.72 ",1,-1191874.72,0.10
Bartolo Colon,2017,1," 12,500,000.00 "," 11,765,863.89 ",1,734136.11,-0.18
Brad Boxberger,2022,1," 2,500,000.00 "," 5,869,086.67 ",1,-3369086.67,-0.37
Brad Boxberger,2023,1," 2,800,000.00 "," 4,028,010.83 ",1,-1228010.83,-0.35
Brad Brach,2019,1," 3,000,000.00 "," 4,267,803.33 ",1,-1267803.33,-0.30
Brad Hand,2021,1," 10,500,000.00 "," 10,450,139.10 ",2,49860.90,-0.97
Brad Hand,2022,1," 6,000,000.00 "," 5,495,121.66 ",1,504878.34,-0.16
Brandon Kintzler,2018,2," 5,000,000.00 "," 5,752,113.88 ",2,-752113.88,0.13
Brandon Kintzler,2020,1," 3,250,000.00 "," 3,934,929.17 ",1,-684929.17,0.22
Brett Anderson,2016,1," 15,800,000.00 "," 13,134,389.42 ",2,2665610.58,-1.08
Brett Anderson,2019,1," 1,500,000.00 "," 4,716,338.04 ",2,-3216338.04,-0.58
Brett Anderson,2020,1," 5,000,000.00 "," 8,655,022.75 ",1,-3655022.75,-0.40
Brian Duensing,2018,2," 3,500,000.00 "," 4,535,923.89 ",1,-1035923.89,0.86
Bryan Shaw,2018,3," 9,000,000.00 "," 8,678,501.93 ",2,321498.07,1.07
Bryan Shaw,2022,1," 3,000,000.00 "," 3,514,292.50 ",1,-514292.50,0.05
Bud Norris,2016,1," 2,500,000.00 "," 3,514,016.39 ",1,-1014016.39,-0.24
Bud Norris,2018,1," 3,000,000.00 "," 3,914,128.05 ",1,-914128.05,-0.25
Carlos Villanueva,2016,1," 1,500,000.00 "," 3,288,109.44 ",1,-1788109.44,-0.40
Charlie Morton,2017,2," 7,000,000.00 "," 6,639,432.78 ",1,360567.22,0.65
Charlie Morton,2019,2," 15,000,000.00 "," 14,397,223.21 ",2,602776.79,0.11
Charlie Morton,2021,1," 15,000,000.00 "," 18,543,218.22 ",3,-3543218.22,-2.11
Chris Archer,2021,1," 6,500,000.00 "," 9,757,248.88 ",2,-3257248.88,-1.09
Chris Young,2016,2," 5,750,000.00 "," 5,667,378.88 ",1,82621.12,0.95
Clayton Kershaw,2019,3," 31,000,000.00 "," 31,343,627.12 ",4,-343627.12,-1.37
Clayton Kershaw,2022,1," 17,000,000.00 "," 17,593,614.13 ",2,-593614.13,-1.22
Clayton Kershaw,2023,1," 20,000,000.00 "," 20,443,462.39 ",3,-443462.39,-1.91
Clayton Kershaw,2024,2," 5,000,000.00 "," 7,520,088.87 ",2,-2520088.87,0.13
Colby Lewis,2016,1," 6,000,000.00 "," 7,792,219.72 ",2,-1792219.72,-0.58
Collin McHugh,2020,1," 600,000.00 "," 3,965,332.22 ",2,-3365332.22,-0.52
Collin McHugh,2022,2," 5,000,000.00 "," 8,112,712.85 ",2,-3112712.85,-0.05
Corey Kluber,2022,1," 8,000,000.00 "," 15,278,139.12 ",3,-7278139.12,-1.64
Corey Kluber,2023,1," 10,000,000.00 "," 10,665,484.95 ",1,-665484.95,-0.24
Craig Kimbrel,2019,3," 14,333,333.00 "," 15,786,474.88 ",3,-1453141.88,0.29
Craig Kimbrel,2023,1," 10,000,000.00 "," 8,118,756.66 ",1,1881243.34,-0.17
Craig Kimbrel,2024,1," 13,000,000.00 "," 11,169,798.32 ",2,1830201.68,-0.54
Craig Stammen,2018,2," 2,250,000.00 "," 4,093,807.50 ",1,-1843807.50,0.58
Craig Stammen,2020,2," 4,500,000.00 "," 5,997,790.83 ",1,-1497790.83,0.57
Dallas Keuchel,2019,1," 13,000,000.00 "," 15,163,177.77 ",3,-2163177.77,-1.87
Dallas Keuchel,2020,3," 18,500,000.00 "," 13,225,019.98 ",1,5274980.02,1.57
Daniel Hudson,2017,2," 5,500,000.00 "," 6,199,630.54 ",2,-699630.54,0.38
Daniel Hudson,2020,2," 5,500,000.00 "," 4,936,070.00 ",1,563930.00,0.86
Darren O'Day,2016,4," 7,750,000.00 "," 8,858,783.32 ",2,-1108783.32,1.86
Darren O'Day,2020,1," 2,750,000.00 "," 4,967,714.16 ",1,-2217714.16,-0.22
David Hernandez,2018,2," 2,500,000.00 "," 3,766,157.50 ",2,-1266157.50,0.37
David Phelps,2019,1," 2,500,000.00 "," 4,649,290.83 ",2,-2149290.83,-0.60
David Robertson,2019,2," 11,500,000.00 "," 11,039,927.20 ",2,460072.80,0.25
David Robertson,2023,1," 10,000,000.00 "," 8,438,442.21 ",1,1561557.79,-0.18
David Robertson,2024,1," 11,500,000.00 "," 9,464,331.94 ",1,2035668.06,0.03
Derek Holland,2017,1," 6,000,000.00 "," 6,023,891.11 ",1,-23891.11,-0.25
Derek Holland,2019,1," 7,000,000.00 "," 6,033,561.39 ",1,966438.61,-0.15
Doug Fister,2016,1," 7,000,000.00 "," 6,214,762.22 ",2,785237.78,-0.63
Doug Fister,2017,1," 4,000,000.00 "," 4,699,740.00 ",1,-699740.00,-0.11
Doug Fister,2018,1," 4,000,000.00 "," 4,662,462.77 ",1,-662462.77,-0.21
Drew Pomeranz,2019,1," 1,500,000.00 "," 3,662,884.43 ",2,-2162884.43,-0.66
Drew Pomeranz,2020,4," 8,500,000.00 "," 7,639,704.44 ",2,860295.56,2.18
Drew Smyly,2020,1," 4,000,000.00 "," 5,433,182.77 ",2,-1433182.77,-0.52
Drew Smyly,2022,1," 5,250,000.00 "," 5,373,315.56 ",1,-123315.56,-0.17
Drew Smyly,2023,2," 9,500,000.00 "," 6,941,766.10 ",1,2558233.90,0.50
Edinson Volquez,2017,2," 11,000,000.00 "," 9,414,882.20 ",1,1585117.80,0.80
Eduardo Rodriguez,2022,5," 15,400,000.00 "," 14,214,060.00 ",2,1185940.00,2.93
Eduardo Rodriguez,2024,4," 20,000,000.00 "," 8,146,471.65 ",2,11853528.35,2.16
Fernando Rodney,2016,1," 2,000,000.00 "," 2,677,087.22 ",1,-677087.22,0.23
Fernando Rodney,2017,1," 2,500,000.00 "," 3,649,401.66 ",1,-1149401.66,0.16
Francisco Liriano,2018,1," 4,000,000.00 "," 4,534,751.94 ",1,-534751.94,-0.24
Garrett Richards,2019,2," 7,750,000.00 "," 7,831,093.87 ",2,-81093.87,0.10
Garrett Richards,2022,1," 5,500,000.00 "," 5,264,771.39 ",1,235228.61,0.19
Ian Kennedy,2016,5," 14,000,000.00 "," 10,903,884.43 ",2,3096115.57,2.91
Ian Kennedy,2022,1," 4,750,000.00 "," 4,861,825.00 ",1,-111825.00,-0.11
J.A. Happ,2016,3," 12,000,000.00 "," 11,820,921.43 ",2,179078.57,0.94
J.A. Happ,2019,2," 17,000,000.00 "," 12,617,943.13 ",2,4382056.87,0.25
J.A. Happ,2021,1," 8,000,000.00 "," 5,728,266.10 ",1,2271733.90,0.02
Jake Arrieta,2018,3," 25,000,000.00 "," 20,811,774.60 ",3,4188225.40,0.01
Jake Arrieta,2021,1," 6,000,000.00 "," 6,633,919.99 ",1,-633919.99,-0.16
Jake Diekman,2020,2," 3,750,000.00 "," 4,495,682.22 ",2,-745682.22,0.10
Jake Diekman,2022,2," 4,000,000.00 "," 4,939,922.78 ",1,-939922.78,0.69
Jake Odorizzi,2020,1," 17,800,000.00 "," 15,212,273.61 ",2,2587726.39,-1.06
James Paxton,2021,1," 8,500,000.00 "," 10,472,562.17 ",2,-1972562.17,-1.07
James Paxton,2024,1," 7,000,000.00 "," 6,915,622.22 ",2,84377.78,-0.56
Jason Hammel,2017,2," 8,000,000.00 "," 7,826,970.82 ",2,173029.18,0.23
Jeremy Hellickson,2017,1," 17,200,000.00 "," 14,670,781.53 ",2,2529218.47,-1.11
Jeremy Hellickson,2019,1," 1,300,000.00 "," 3,621,115.28 ",1,-2321115.28,-0.41
Jesse Chavez,2017,1," 5,750,000.00 "," 6,540,088.05 ",1,-790088.05,-0.50
Jesse Chavez,2018,1," 1,000,000.00 "," 3,018,145.56 ",1,-2018145.56,-0.10
Jesse Chavez,2019,2," 4,000,000.00 "," 5,904,292.22 ",2,-1904292.22,0.07
Jeurys Familia,2019,3," 10,000,000.00 "," 9,427,418.75 ",2,572581.25,0.58
Jeurys Familia,2022,1," 6,000,000.00 "," 5,097,647.77 ",1,902352.23,-0.11
Jimmy Nelson,2022,1," 700,000.00 "," 5,377,394.72 ",2,-4677394.72,-0.56
Joakim Soria,2016,3," 8,333,333.00 "," 8,736,697.10 ",2,-403364.10,0.87
Joakim Soria,2019,2," 7,500,000.00 "," 6,249,044.72 ",1,1250955.28,0.68
Joakim Soria,2021,1," 3,500,000.00 "," 4,647,745.54 ",1,-1147745.54,-0.12
Joe Blanton,2016,1," 4,000,000.00 "," 5,497,645.59 ",2,-1497645.59,-0.83
Joe Blanton,2017,1," 4,000,000.00 "," 5,272,615.82 ",1,-1272615.82,-0.10
Joe Kelly,2019,3," 8,333,333.00 "," 7,378,939.32 ",2,954393.68,1.49
Joe Smith,2017,1," 3,000,000.00 "," 4,450,405.83 ",2,-1450405.83,-0.63
Jon Lester,2021,1," 5,000,000.00 "," 8,012,693.05 ",1,-3012693.05,-0.34
Jordan Lyles,2018,1," 1,000,000.00 "," 3,320,805.55 ",1,-2320805.55,-0.03
Jordan Lyles,2019,1," 2,050,000.00 "," 4,103,758.03 ",2,-2053758.03,-0.72
Jordan Lyles,2020,2," 8,000,000.00 "," 6,325,759.15 ",2,1674240.85,0.30
Jordan Lyles,2022,1," 7,000,000.00 "," 6,098,421.67 ",1,901578.33,0.01
Jordan Lyles,2023,2," 8,500,000.00 "," 7,817,661.66 ",2,682338.34,0.49
Jose Quintana,2021,1," 8,000,000.00 "," 11,041,036.86 ",2,-3041036.86,-1.05
Jose Quintana,2023,2," 13,000,000.00 "," 10,585,974.72 ",2,2414025.28,0.39
Justin Verlander,2022,1," 25,000,000.00 "," 25,326,366.57 ",2,-326366.57,-1.20
Justin Verlander,2023,2," 43,333,333.00 "," 35,619,561.43 ",2,7713771.57,-0.42
Justin Wilson,2019,2," 5,000,000.00 "," 7,110,879.98 ",2,-2110879.98,0.01
Kendall Graveman,2020,1," 2,000,000.00 "," 4,526,716.94 ",2,-2526716.94,-0.77
Kenley Jansen,2017,5," 16,000,000.00 "," 16,963,213.81 ",4,-963213.81,1.41
Kenley Jansen,2022,1," 16,000,000.00 "," 14,687,491.80 ",2,1312508.20,-0.75
Kenley Jansen,2023,2," 16,000,000.00 "," 12,658,291.65 ",2,3341708.35,0.16
Kevin Gausman,2021,1," 18,900,000.00 "," 16,288,953.87 ",2,2611046.13,-0.96
Kevin Gausman,2022,5," 22,000,000.00 "," 22,945,033.76 ",4,-945033.76,0.82
Kirby Yates,2021,1," 5,500,000.00 "," 10,416,911.37 ",3,-4916911.37,-2.23
Kirby Yates,2024,1," 4,500,000.00 "," 5,231,573.61 ",1,-731573.61,0.10
Kyle Gibson,2020,3," 9,333,333.00 "," 8,556,555.16 ",2,776777.84,1.48
Kyle Gibson,2023,1," 10,000,000.00 "," 7,229,201.10 ",1,2770798.90,-0.29
Kyle Gibson,2024,1," 13,000,000.00 "," 11,722,576.38 ",1,1277423.62,-0.39
Lance Lynn,2018,1," 12,000,000.00 "," 8,067,398.31 ",1,3932601.69,-0.42
Lance Lynn,2019,3," 10,000,000.00 "," 9,454,563.31 ",2,545436.69,1.39
Lance Lynn,2024,1," 11,000,000.00 "," 11,100,920.79 ",2,-100920.79,-0.59
Liam Hendriks,2021,3," 18,000,000.00 "," 14,321,428.49 ",2,3678571.51,1.09
Liam Hendriks,2024,2," 5,000,000.00 "," 10,976,815.92 ",1,-5976815.92,0.58
Luke Gregerson,2018,2," 5,500,000.00 "," 6,288,466.46 ",2,-788466.46,0.44
Marco Estrada,2016,2," 13,000,000.00 "," 7,546,200.26 ",2,5453799.74,0.13
Marco Estrada,2019,1," 4,000,000.00 "," 4,762,205.83 ",1,-762205.83,-0.02
Marcus Stroman,2021,1," 18,900,000.00 "," 16,719,907.21 ",2,2180092.79,-1.21
Marcus Stroman,2022,3," 23,666,667.00 "," 20,826,614.44 ",3,2840052.56,-0.07
Marcus Stroman,2024,2," 18,500,000.00 "," 15,691,813.81 ",2,2808186.19,0.11
Mark Melancon,2017,4," 15,500,000.00 "," 14,810,931.23 ",3,689068.77,0.81
Mark Melancon,2021,1," 3,000,000.00 "," 5,434,683.76 ",2,-2434683.76,-0.61
Mark Melancon,2022,2," 7,000,000.00 "," 6,768,305.27 ",1,231694.73,0.53
Martín Pérez,2023,1," 19,650,000.00 "," 12,399,665.53 ",1,7250334.47,-0.16
Martín Pérez,2024,1," 8,000,000.00 "," 6,987,244.18 ",1,1012755.82,0.09
Matt Albers,2018,2," 2,500,000.00 "," 9,794,231.84 ",2,-7294231.84,0.33
Matt Moore,2019,1," 2,500,000.00 "," 4,082,250.00 ",1,-1582250.00,-0.06
Matt Moore,2023,1," 7,500,000.00 "," 6,170,223.61 ",1,1329776.39,-0.14
Max Scherzer,2022,3," 43,333,333.00 "," 33,729,006.96 ",3,9604326.04,-0.12
Michael Lorenzen,2022,1," 7,000,000.00 "," 6,322,737.48 ",1,677262.52,-0.41
Michael Lorenzen,2023,1," 8,500,000.00 "," 7,216,698.59 ",2,1283301.41,-0.79
Michael Lorenzen,2024,1," 4,500,000.00 "," 5,948,333.32 ",1,-1448333.32,-0.44
Michael Pineda,2018,2," 5,000,000.00 "," 8,707,440.19 ",3,-3707440.19,-0.56
Michael Pineda,2020,2," 10,000,000.00 "," 11,225,674.20 ",2,-1225674.20,-0.22
Michael Pineda,2022,1," 5,500,000.00 "," 6,316,599.72 ",1,-816599.72,-0.46
Michael Wacha,2020,1," 3,000,000.00 "," 4,803,596.93 ",2,-1803596.93,-0.77
Michael Wacha,2022,1," 7,000,000.00 "," 7,326,220.26 ",2,-326220.26,-0.57
Michael Wacha,2023,4," 6,500,000.00 "," 7,573,685.54 ",2,-1073685.54,1.66
Michael Wacha,2024,2," 16,000,000.00 "," 14,108,965.27 ",2,1891034.73,0.05
Mike Clevinger,2023,1," 12,000,000.00 "," 12,520,424.44 ",2,-520424.44,-1.11
Mike Clevinger,2024,1," 3,000,000.00 "," 6,290,466.66 ",1,-3290466.66,-0.24
Mike Minor,2018,3," 9,333,333.00 "," 11,197,617.38 ",3,-1864284.38,0.27
Mike Minor,2021,2," 9,000,000.00 "," 10,764,310.23 ",2,-1764310.23,-0.30
Mychal Givens,2022,1," 5,000,000.00 "," 5,539,591.66 ",2,-539591.66,-0.61
Mychal Givens,2023,1," 5,000,000.00 "," 5,498,700.24 ",2,-498700.24,-0.69
Nathan Eovaldi,2019,4," 17,000,000.00 "," 14,065,828.32 ",2,2934171.68,1.95
Nathan Eovaldi,2023,2," 17,000,000.00 "," 13,848,063.88 ",2,3151936.12,0.35
Nick Martinez,2023,3," 8,666,667.00 "," 6,996,312.88 ",1,1670354.12,1.78
Nick Martinez,2024,2," 13,000,000.00 "," 10,441,468.88 ",2,2558531.12,0.17
Noah Syndergaard,2022,1," 21,000,000.00 "," 21,271,930.71 ",3,-271930.71,-2.38
Noah Syndergaard,2023,1," 13,000,000.00 "," 12,972,964.15 ",2,27035.85,-0.91
Pat Neshek,2018,2," 8,125,000.00 "," 16,147,514.47 ",1,-8022514.47,0.54
Rich Hill,2017,3," 16,000,000.00 "," 16,887,382.60 ",2,-887382.60,0.93
Rich Hill,2020,1," 3,000,000.00 "," 5,404,954.44 ",2,-2404954.44,-0.53
Rich Hill,2022,1," 5,000,000.00 "," 5,574,627.22 ",1,-574627.22,0.15
Rich Hill,2023,1," 8,000,000.00 "," 7,862,756.10 ",1,137243.90,0.14
Robbie Ray,2021,1," 8,000,000.00 "," 9,994,418.05 ",2,-1994418.05,-1.38
Robbie Ray,2022,5," 23,000,000.00 "," 21,991,823.09 ",5,1008176.91,-0.15
Ryan Vogelsong,2016,1," 2,000,000.00 "," 2,892,249.44 ",1,-892249.44,0.19
Sean Doolittle,2021,1," 1,500,000.00 "," 3,797,793.76 ",1,-2297793.76,0.05
Sean Manaea,2023,2," 12,500,000.00 "," 11,696,631.65 ",2,803368.35,0.14
Sean Manaea,2024,2," 14,000,000.00 "," 11,132,083.88 ",2,2867916.12,0.48
Sergio Romo,2019,1," 2,500,000.00 "," 3,856,570.00 ",1,-1356570.00,-0.33
Sergio Romo,2020,1," 5,000,000.00 "," 5,944,861.10 ",1,-944861.10,-0.11
Sergio Romo,2022,1," 2,000,000.00 "," 3,427,571.39 ",1,-1427571.39,0.15
Seth Lugo,2023,2," 7,500,000.00 "," 7,371,270.26 ",2,128729.74,0.37
Seth Lugo,2024,3," 15,000,000.00 "," 14,195,845.71 ",2,804154.29,1.18
Shelby Miller,2023,1," 1,500,000.00 "," 7,598,110.54 ",1,-6098110.54,-0.26
Steve Cishek,2018,2," 6,500,000.00 "," 7,621,489.98 ",2,-1121489.98,0.34
Steve Cishek,2020,1," 6,000,000.00 "," 4,518,280.55 ",1,1481719.45,-0.20
Steve Cishek,2022,1," 1,750,000.00 "," 3,054,724.72 ",1,-1304724.72,0.06
Taijuan Walker,2021,2," 7,666,666.00 "," 7,993,489.22 ",2,-326823.22,-0.20
Taijuan Walker,2023,4," 18,000,000.00 "," 14,398,224.36 ",2,3601775.64,2.06
Tommy Hunter,2016,1," 2,000,000.00 "," 4,841,456.94 ",2,-2841456.94,-0.85
Tommy Hunter,2020,1," 875,000.00 "," 3,092,017.77 ",1,-2217017.77,-0.18
Tony Barnette,2018,1," 1,500,000.00 "," 3,490,661.39 ",1,-1990661.39,-0.35
Trevor Cahill,2017,1," 1,750,000.00 "," 3,641,620.55 ",2,-1891620.55,-0.67
Trevor Cahill,2018,1," 1,500,000.00 "," 3,234,534.44 ",2,-1734534.44,-0.55
Trevor Cahill,2019,1," 9,000,000.00 "," 8,300,885.82 ",2,699114.18,-0.82
Trevor Cahill,2021,1," 1,500,000.00 "," 2,649,205.84 ",1,-1149205.84,0.10
Trevor May,2021,2," 7,750,000.00 "," 8,115,210.74 ",2,-365210.74,0.49
Trevor May,2023,1," 7,000,000.00 "," 7,093,562.65 ",2,-93562.65,-0.75
Tyler Anderson,2022,1," 8,000,000.00 "," 8,006,553.86 ",2,-6553.86,-0.70
Tyler Anderson,2023,3," 13,000,000.00 "," 15,025,696.01 ",2,-2025696.01,0.77
Tyler Chatwood,2018,3," 12,666,666.00 "," 10,197,607.51 ",2,2469058.49,1.35
Tyler Chatwood,2021,1," 3,000,000.00 "," 3,597,000.55 ",1,-597000.55,-0.44
Tyler Clippard,2016,2," 6,125,000.00 "," 6,085,612.50 ",1,39387.50,0.97
Tyler Clippard,2020,1," 2,750,000.00 "," 3,705,286.66 ",1,-955286.66,-0.11
Wade Miley,2019,1," 4,500,000.00 "," 6,266,849.97 ",1,-1766849.97,-0.34
Wade Miley,2020,2," 7,500,000.00 "," 7,472,817.77 ",1,27182.23,0.57
Wade Miley,2023,1," 4,500,000.00 "," 7,586,922.50 ",1,-3086922.50,-0.29
Wade Miley,2024,1," 8,500,000.00 "," 8,000,824.17 ",1,499175.83,-0.27
Will Smith,2020,3," 13,333,333.00 "," 12,743,008.76 ",3,590324.24,0.31
Will Smith,2023,1," 1,500,000.00 "," 3,462,830.00 ",2,-1962830.00,-0.88
Yovani Gallardo,2016,2," 11,000,000.00 "," 10,795,337.18 ",2,204662.82,0.21
Yovani Gallardo,2018,1," 2,000,000.00 "," 3,134,833.34 ",1,-1134833.34,0.09
Yusmeiro Petit,2018,2," 5,000,000.00 "," 5,912,588.37 ",2,-912588.37,0.41
Yusmeiro Petit,2021,1," 2,550,000.00 "," 5,930,798.59 ",2,-3380798.59,-0.62
Zach Duke,2018,1," 2,150,000.00 "," 3,759,418.61 ",1,-1609418.61,-0.06
Zack Greinke,2016,6," 34,416,666.00 "," 29,682,452.83 ",6,4734213.17,-0.09
Zack Greinke,2022,1," 13,000,000.00 "," 13,426,170.79 ",2,-426170.79,-0.54
Zack Greinke,2023,1," 8,500,000.00 "," 7,555,084.72 ",1,944915.28,0.14
Aaron Nola,2024,7," 24,571,429.00 "," 22,184,897.75 ",3,2386531.25,3.92
Adam Warren,2019,1," 2,500,000.00 "," 4,150,778.60 ",1,-1650778.60,-0.38
Addison Reed,2018,2," 8,375,000.00 "," 11,722,111.51 ",3,-3347111.51,-0.70
Alex Colomé,2022,1," 4,100,000.00 "," 4,942,885.55 ",1,-842885.55,-0.44
Alfredo Simon,2016,1," 2,000,000.00 "," 3,939,338.88 ",1,-1939338.88,-0.12
Andrew Heaney,2023,2," 12,500,000.00 "," 10,181,480.66 ",2,2318519.34,0.17
Anthony Bass,2021,2," 2,500,000.00 "," 3,814,986.95 ",1,-1314986.95,0.73
Archie Bradley,2022,1," 3,750,000.00 "," 5,343,925.00 ",2,-1593925.00,-1.17
Blake Snell,2024,2," 31,000,000.00 "," 22,590,794.96 ",2,8409205.04,-0.20
Blake Treinen,2021,2," 8,750,000.00 "," 7,970,967.49 ",2,779032.51,0.30
Brad Ziegler,2017,2," 6,000,000.00 "," 6,420,989.99 ",1,-420989.99,0.69
Brandon Workman,2021,1," 1,000,000.00 "," 5,180,842.77 ",1,-4180842.77,-0.30
Brent Suter,2024,1," 3,000,000.00 "," 4,176,956.66 ",1,-1176956.66,-0.23
Buck Farmer,2024,1," 2,250,000.00 "," 5,034,258.06 ",1,-2784258.06,-0.09
CC Sabathia,2018,1," 10,000,000.00 "," 8,802,043.32 ",1,1197956.68,-0.36
Carlos Estévez,2023,2," 6,750,000.00 "," 7,119,285.54 ",1,-369285.54,0.68
Chad Green,2023,2," 4,250,000.00 "," 8,055,886.22 ",2,-3805886.22,-0.34
Chase Anderson,2021,1," 4,000,000.00 "," 4,507,808.33 ",1,-507808.33,-0.47
Chris Bassitt,2023,3," 21,000,000.00 "," 16,742,528.17 ",2,4257471.83,1.45
Chris Devenski,2024,1," 1,100,000.00 "," 4,275,505.35 ",2,-3175505.35,-0.64
Chris Flexen,2024,1," 1,750,000.00 "," 3,445,741.11 ",1,-1695741.11,-0.21
Chris Stratton,2024,2," 4,000,000.00 "," 4,661,139.44 ",1,-661139.44,0.88
Chris Tillman,2018,1," 3,000,000.00 "," 3,813,329.99 ",1,-813329.99,-0.36
Clay Buchholz,2019,1," 3,000,000.00 "," 8,281,846.65 ",1,-5281846.65,-0.40
Clayton Richard,2017,1," 1,750,000.00 "," 4,323,483.32 ",1,-2573483.32,0.16
Cody Allen,2019,1," 8,500,000.00 "," 10,257,559.34 ",2,-1757559.34,-1.01
Cole Hamels,2020,1," 18,000,000.00 "," 13,995,970.83 ",2,4004029.17,-0.53
Colin Rea,2024,1," 4,500,000.00 "," 4,682,544.73 ",1,-182544.73,-0.20
Corey Knebel,2022,1," 10,000,000.00 "," 12,938,265.25 ",3,-2938265.25,-1.50
Daniel Norris,2022,1," 1,750,000.00 "," 4,116,008.61 ",2,-2366008.61,-0.52
Danny Duffy,2022,1," 3,000,000.00 "," 4,493,108.33 ",1,-1493108.33,-0.36
David Price,2016,7," 31,000,000.00 "," 28,580,919.55 ",6,2419080.45,1.24
Dellin Betances,2020,1," 5,250,000.00 "," 12,548,409.53 ",3,-7298409.53,-1.57
Dylan Bundy,2022,1," 5,000,000.00 "," 5,777,580.80 ",2,-777580.80,-0.80
Edwin Díaz,2023,5," 20,400,000.00 "," 16,857,710.56 ",4,3542289.44,0.96
Emilio Pagán,2024,2," 8,000,000.00 "," 6,830,505.98 ",1,1169494.02,0.55
Fernando Salas,2017,1," 3,000,000.00 "," 5,086,630.55 ",1,-2086630.55,-0.43
Frankie Montas,2024,1," 16,000,000.00 "," 14,272,934.00 ",2,1727066.00,-0.90
Gerrit Cole,2020,9," 36,000,000.00 "," 28,500,082.82 ",4,7499917.18,5.09
Heath Hembree,2022,1," 2,125,000.00 "," 3,705,458.33 ",1,-1580458.33,-0.38
Hisashi Iwakuma,2016,1," 12,000,000.00 "," 10,383,274.04 ",2,1616725.96,-1.49
Homer Bailey,2020,1," 7,000,000.00 "," 5,961,225.56 ",1,1038774.44,0.09
Hunter Strickland,2022,1," 1,825,000.00 "," 2,948,225.00 ",1,-1123225.00,-0.20
Jack Flaherty,2024,1," 14,000,000.00 "," 13,929,218.13 ",3,70781.87,-1.66
Jacob deGrom,2023,5," 37,000,000.00 "," 29,694,985.47 ",3,7305014.53,1.61
Jakob Junis,2024,1," 7,000,000.00 "," 7,515,694.97 ",1,-515694.97,-0.39
Jameson Taillon,2023,4," 17,000,000.00 "," 15,435,336.66 ",2,1564663.34,1.71
Jason Vargas,2018,2," 8,000,000.00 "," 7,347,040.55 ",1,652959.45,0.83
Jeff Samardzija,2016,5," 18,000,000.00 "," 14,848,876.10 ",2,3151123.90,2.94
Jered Weaver,2017,1," 3,000,000.00 "," 4,255,118.34 ",1,-1255118.34,-0.16
John Brebbia,2024,1," 5,500,000.00 "," 5,391,036.66 ",1,108963.34,-0.08
John Lackey,2016,2," 16,000,000.00 "," 15,072,545.52 ",2,927454.48,-0.50
Johnny Cueto,2016,6," 21,666,666.00 "," 20,581,820.41 ",4,1084845.59,2.25
Jon Gray,2022,4," 14,000,000.00 "," 14,866,875.70 ",2,-866875.70,1.67
Jonathan Broxton,2016,2," 3,750,000.00 "," 4,680,860.55 ",2,-930860.55,0.45
Jordan Hicks,2024,4," 11,000,000.00 "," 8,605,099.95 ",2,2394900.05,2.12
Jordan Montgomery,2024,1," 25,000,000.00 "," 20,438,396.28 ",2,4561603.72,-1.26
Jordan Zimmermann,2016,5," 22,000,000.00 "," 18,599,913.17 ",2,3400086.83,2.52
Jose Alvarez,2021,1," 1,150,000.00 "," 3,444,119.17 ",1,-2294119.17,-0.42
Josh Hader,2024,5," 19,000,000.00 "," 17,353,480.51 ",4,1646519.49,0.74
Josh Tomlin,2021,1," 1,250,000.00 "," 3,759,768.05 ",1,-2509768.05,0.00
José Cisnero,2024,1," 1,750,000.00 "," 3,328,425.83 ",1,-1578425.83,-0.18
Juan Nicasio,2018,2," 8,500,000.00 "," 8,186,436.41 ",2,313563.59,0.06
Julio Teheran,2020,1," 9,000,000.00 "," 7,968,547.49 ",2,1031452.51,-0.86
Kelvin Herrera,2019,2," 9,000,000.00 "," 9,845,004.69 ",2,-845004.69,-0.25
Ken Giles,2021,2," 3,500,000.00 "," 6,624,244.91 ",2,-3124244.91,-0.28
Kenta Maeda,2024,2," 12,000,000.00 "," 11,241,883.13 ",2,758116.87,0.35
Keone Kela,2021,1," 1,200,000.00 "," 5,705,488.21 ",3,-4505488.21,-2.14
Lucas Giolito,2024,2," 19,250,000.00 "," 11,056,580.62 ",2,8193419.38,-0.36
Luis Garcia,2022,2," 3,500,000.00 "," 8,258,540.00 ",2,-4758540.00,0.12
Luis García,2024,1," 4,250,000.00 "," 4,703,257.77 ",1,-453257.77,0.01
Luis Severino,2024,1," 13,000,000.00 "," 12,179,651.10 ",2,820348.90,-1.37
Luke Jackson,2023,2," 5,750,000.00 "," 6,869,038.84 ",2,-1119038.84,-0.29
Luke Weaver,2024,1," 2,000,000.00 "," 5,110,139.71 ",2,-3110139.71,-0.53
Madison Bumgarner,2020,5," 17,000,000.00 "," 16,856,172.04 ",3,143827.96,2.44
Mat Latos,2016,1," 3,000,000.00 "," 10,489,299.97 ",2,-7489299.97,-1.49
Matt Harvey,2019,1," 11,000,000.00 "," 10,439,598.85 ",2,560401.15,-0.61
Matt Shoemaker,2021,1," 2,000,000.00 "," 4,353,199.15 ",1,-2353199.15,-0.48
Matt Strahm,2023,2," 7,500,000.00 "," 8,539,356.97 ",1,-1039356.97,0.53
Michael Fulmer,2023,1," 4,000,000.00 "," 7,585,324.44 ",2,-3585324.44,-0.98
Miguel Castro,2023,1," 3,500,000.00 "," 4,346,939.99 ",1,-846939.99,-0.31
Mike Leake,2016,5," 16,000,000.00 "," 12,524,231.92 ",3,3475768.08,1.54
Mike Pelfrey,2016,2," 8,000,000.00 "," 8,639,025.54 ",1,-639025.54,0.57
Patrick Corbin,2019,6," 23,333,333.00 "," 18,913,251.46 ",2,4420081.54,3.64
Pedro Strop,2020,1," 1,825,000.00 "," 3,657,365.55 ",1,-1832365.55,-0.16
Phil Maton,2024,1," 6,500,000.00 "," 6,388,386.66 ",2,111613.34,-0.55
R.A. Dickey,2017,1," 8,000,000.00 "," 6,935,020.29 ",1,1064979.71,0.15
Rafael Montero,2023,3," 11,500,000.00 "," 8,886,784.98 ",1,2613215.02,1.57
Raisel Iglesias,2022,4," 14,500,000.00 "," 12,658,750.73 ",2,1841249.27,1.83
Rick Porcello,2020,1," 10,000,000.00 "," 10,980,792.72 ",2,-980792.72,-0.82
Robert Stephenson,2024,3," 11,000,000.00 "," 8,676,727.50 ",2,2323272.50,1.35
Ross Stripling,2023,2," 12,500,000.00 "," 10,934,867.10 ",2,1565132.90,0.37
Ryan Brasier,2024,2," 4,500,000.00 "," 5,363,481.62 ",1,-863481.62,0.86
Ryan Madson,2016,3," 7,333,333.00 "," 8,075,515.20 ",2,-742182.20,1.11
Ryan Tepera,2022,2," 7,000,000.00 "," 6,608,090.27 ",2,391909.73,0.47
Ryne Stanek,2024,1," 4,000,000.00 "," 6,262,990.55 ",1,-2262990.55,-0.38
Scott Alexander,2024,1," 2,250,000.00 "," 3,694,519.72 ",1,-1444519.72,-0.14
Scott Feldman,2017,1," 2,300,000.00 "," 5,808,696.39 ",1,-3508696.39,-0.44
Scott Kazmir,2016,3," 16,000,000.00 "," 14,061,796.74 ",2,1938203.26,1.15
Shane Greene,2021,1," 1,500,000.00 "," 3,418,310.00 ",1,-1918310.00,-0.33
Shintaro Fujinami,2024,1," 3,350,000.00 "," 3,798,005.00 ",1,-448005.00,-0.22
Shohei Ohtani (Pitcher),2024,10," 70,000,000.00 "," 20,637,459.66 ",4,49362540.34,5.79
Sonny Gray,2024,3," 25,000,000.00 "," 18,921,577.78 ",2,6078422.22,1.11
Stephen Strasburg,2020,7," 35,000,000.00 "," 28,454,516.79 ",4,6545483.21,3.42
Steven Matz,2022,4," 11,000,000.00 "," 10,248,881.09 ",2,751118.91,2.34
T.J. McFarland,2022,1," 2,500,000.00 "," 4,741,426.66 ",1,-2241426.66,-0.27
Tanner Roark,2020,2," 12,000,000.00 "," 9,951,569.99 ",2,2048430.01,0.46
Taylor Rogers,2023,3," 11,000,000.00 "," 10,837,881.18 ",2,162118.82,1.00
Tim Lincecum,2016,1," 2,500,000.00 "," 3,199,598.05 ",1,-699598.05,0.10
Tommy Kahnle,2023,2," 5,750,000.00 "," 7,788,519.08 ",2,-2038519.08,-0.49
Tony Watson,2018,2," 4,500,000.00 "," 5,145,456.66 ",2,-645456.66,0.43
Travis Wood,2017,2," 6,000,000.00 "," 6,775,321.10 ",2,-775321.10,0.39
Trevor Bauer,2021,3," 34,000,000.00 "," 24,390,882.70 ",2,9609117.30,0.52
Trevor Rosenthal,2021,1," 11,000,000.00 "," 10,231,281.30 ",2,768718.70,-0.80
Trevor Williams,2023,2," 6,500,000.00 "," 7,178,279.99 ",1,-678279.99,0.58
Tyler Mahle,2024,2," 11,000,000.00 "," 9,186,913.31 ",2,1813086.69,-0.18
Tyson Ross,2019,1," 5,750,000.00 "," 7,489,510.55 ",2,-1739510.55,-0.61
Wandy Peralta,2024,4," 16,500,000.00 "," 11,892,554.16 ",2,4607445.84,2.37
Wei-Yin Chen,2016,5," 16,000,000.00 "," 15,069,547.97 ",3,930452.03,1.99
Will Harris,2020,3," 8,000,000.00 "," 8,052,985.50 ",2,-52985.50,1.09
Yoshihisa Hirano,2020,1," 1,600,000.00 "," 3,478,506.94 ",1,-1878506.94,-0.19
Yu Darvish,2018,6," 21,000,000.00 "," 21,185,482.42 ",3,-185482.42,3.34
Yusei Kikuchi,2022,3," 12,000,000.00 "," 8,999,747.78 ",1,3000252.22,1.76
Zach Davies,2023,1," 5,000,000.00 "," 5,627,626.11 ",2,-627626.11,-0.59
Zach Eflin,2023,3," 13,333,333.00 "," 10,341,197.37 ",1,2992135.63,1.63
Zack Britton,2019,3," 13,000,000.00 "," 15,712,023.07 ",3,-2712023.07,-0.42
Zack Wheeler,2020,5," 23,600,000.00 "," 18,934,209.43 ",2,4665790.57,2.99
A.J. Pollock,2019,4," 13,750,000.00 "," 16,837,556.71 ",5,-3087556.71,-0.64
A.J. Pollock,2023,1," 7,000,000.00 "," 6,340,814.33 ",1,659185.67,0.05
Adam Duvall,2023,1," 7,000,000.00 "," 7,035,913.14 ",1,-35913.14,0.22
Adam Frazier,2023,1," 8,000,000.00 "," 6,592,148.93 ",1,1407851.07,-0.41
Alex Gordon,2020,1," 4,000,000.00 "," 4,222,728.09 ",1,-222728.09,0.07
Andrelton Simmons,2021,1," 10,500,000.00 "," 9,092,256.86 ",1,1407743.14,-0.22
Andrew McCutchen,2019,3," 16,666,666.00 "," 15,546,948.01 ",3,1119717.99,0.43
Andrew McCutchen,2022,1," 8,500,000.00 "," 7,569,961.83 ",1,930038.17,-0.25
Andrew McCutchen,2023,1," 5,000,000.00 "," 4,788,095.71 ",1,211904.29,0.20
Anthony Rizzo,2022,2," 16,000,000.00 "," 15,509,433.20 ",2,490566.80,-0.49
Anthony Rizzo,2023,2," 20,000,000.00 "," 16,594,853.53 ",2,3405146.47,0.46
Asdrubal Cabrera,2016,2," 9,250,000.00 "," 9,444,265.08 ",2,-194265.08,0.36
Asdrubal Cabrera,2019,1," 3,500,000.00 "," 5,274,646.82 ",1,-1774646.82,-0.09
Asdrubal Cabrera,2020,1," 2,500,000.00 "," 6,425,103.02 ",1,-3925103.02,-0.18
Asdrubal Cabrera,2021,1," 1,750,000.00 "," 3,551,570.76 ",1,-1801570.76,0.00
Austin Jackson,2016,1," 5,000,000.00 "," 4,962,911.42 ",2,37088.58,-0.53
Avisail Garcia,2020,2," 10,000,000.00 "," 10,930,016.96 ",3,-930016.96,-1.31
Avisail Garcia,2022,4," 13,250,000.00 "," 11,365,942.45 ",2,1884057.55,1.70
Brad Miller,2020,1," 2,000,000.00 "," 6,103,732.81 ",2,-4103732.81,-0.84
Brandon Belt,2022,1," 18,400,000.00 "," 15,253,127.66 ",1,3146872.34,-0.39
Brett Gardner,2019,1," 7,500,000.00 "," 7,285,669.97 ",1,214330.03,-0.06
Brett Gardner,2020,1," 12,500,000.00 "," 11,114,891.16 ",1,1385108.84,-0.28
Cameron Maybin,2018,1," 3,250,000.00 "," 3,976,046.90 ",1,-726046.90,-0.42
Carlos Correa,2022,3," 35,100,000.00 "," 26,966,614.47 ",3,8133385.53,-0.23
Carlos Correa,2023,6," 33,333,333.00 "," 28,788,560.18 ",6,4544772.82,-0.12
Carlos Santana,2018,3," 20,000,000.00 "," 12,581,264.72 ",2,7418735.28,0.51
Carlos Santana,2021,2," 8,750,000.00 "," 8,407,803.22 ",2,342196.78,0.38
Carlos Santana,2023,1," 6,725,000.00 "," 5,964,019.17 ",1,760980.83,0.16
Carlos Santana,2024,1," 5,250,000.00 "," 5,884,610.00 ",1,-634610.00,-0.08
Chase Utley,2017,1," 2,000,000.00 "," 2,765,272.02 ",1,-765272.02,0.12
Corey Dickerson,2020,2," 8,750,000.00 "," 9,280,814.70 ",1,-530814.70,0.58
Corey Dickerson,2022,1," 5,000,000.00 "," 4,550,580.00 ",1,449420.00,0.00
Daniel Murphy,2016,3," 12,500,000.00 "," 10,766,687.90 ",2,1733312.10,1.34
Daniel Murphy,2019,2," 12,000,000.00 "," 15,831,564.74 ",2,-3831564.74,-0.37
David Freese,2019,1," 4,500,000.00 "," 4,569,968.93 ",1,-69968.93,0.10
Dexter Fowler,2016,1," 13,000,000.00 "," 12,314,621.02 ",2,685378.98,-1.15
Dexter Fowler,2017,5," 16,500,000.00 "," 17,396,716.69 ",5,-896716.69,0.09
Didi Gregorius,2020,1," 14,000,000.00 "," 12,611,670.63 ",2,1388329.37,-0.70
Didi Gregorius,2021,2," 14,000,000.00 "," 11,475,266.36 ",2,2524733.64,0.14
Donovan Solano,2022,1," 4,500,000.00 "," 5,459,419.33 ",1,-959419.33,-0.03
Edwin Encarnacion,2017,3," 20,000,000.00 "," 19,060,366.36 ",2,939633.64,0.79
Edwin Encarnacion,2020,1," 12,000,000.00 "," 12,187,747.88 ",1,-187747.88,-0.49
Freddy Galvis,2019,1," 5,000,000.00 "," 4,458,001.66 ",2,541998.34,-0.71
Freddy Galvis,2021,1," 1,500,000.00 "," 4,305,758.77 ",1,-2805758.77,-0.36
Howie Kendrick,2018,2," 3,500,000.00 "," 3,623,250.12 ",1,-123250.12,1.13
Ian Desmond,2016,1," 8,000,000.00 "," 7,044,234.04 ",1,955765.96,-0.40
Ian Desmond,2017,5," 14,000,000.00 "," 12,720,574.04 ",3,1279425.96,1.77
J.D. Martinez,2018,5," 22,000,000.00 "," 20,275,367.01 ",4,1724632.99,1.47
J.D. Martinez,2023,1," 10,000,000.00 "," 11,335,682.97 ",2,-1335682.97,-0.70
Jason Heyward,2016,8," 23,000,000.00 "," 20,454,179.17 ",5,2545820.83,2.76
Jason Heyward,2024,1," 9,000,000.00 "," 7,150,759.05 ",1,1849240.95,0.15
Jed Lowrie,2019,2," 10,000,000.00 "," 11,348,502.54 ",2,-1348502.54,0.17
Jed Lowrie,2022,1," 850,000.00 "," 2,643,711.07 ",1,-1793711.07,0.12
Joc Pederson,2021,1," 7,000,000.00 "," 10,324,249.49 ",2,-3324249.49,-0.91
Joey Gallo,2023,1," 11,000,000.00 "," 11,989,493.72 ",2,-989493.72,-1.19
Jon Jay,2019,1," 4,000,000.00 "," 4,361,886.31 ",1,-361886.31,0.19
Jonathan Lucroy,2018,1," 6,500,000.00 "," 10,343,749.71 ",3,-3843749.71,-1.93
Jonathan Schoop,2020,1," 6,100,000.00 "," 10,257,392.43 ",3,-4157392.43,-1.58
Jonathan Villar,2021,1," 3,550,000.00 "," 5,548,047.81 ",2,-1998047.81,-0.51
Jonathan Villar,2022,1," 6,000,000.00 "," 7,235,981.38 ",2,-1235981.38,-0.59
Jorge Soler,2022,3," 12,000,000.00 "," 12,468,102.62 ",2,-468102.62,0.76
Jorge Soler,2024,3," 14,000,000.00 "," 12,178,827.19 ",2,1821172.81,1.34
Josh Donaldson,2019,1," 23,000,000.00 "," 30,555,457.37 ",3,-7555457.37,-1.93
Josh Donaldson,2020,4," 23,000,000.00 "," 21,442,939.19 ",3,1557060.81,1.03
Josh Harrison,2019,1," 2,000,000.00 "," 3,651,201.04 ",1,-1651201.04,-0.35
Josh Harrison,2022,1," 5,500,000.00 "," 5,767,415.00 ",1,-267415.00,0.26
Jurickson Profar,2021,3," 7,000,000.00 "," 8,182,460.79 ",3,-1182460.79,0.06
Jurickson Profar,2023,1," 7,750,000.00 "," 8,532,091.82 ",1,-782091.82,-0.35
Jurickson Profar,2024,1," 1,000,000.00 "," 2,215,820.83 ",1,-1215820.83,-0.29
Justin Turner,2017,4," 16,000,000.00 "," 15,050,436.98 ",2,949563.02,1.54
Justin Turner,2021,2," 17,000,000.00 "," 18,017,992.67 ",2,-1017992.67,-0.16
Justin Turner,2023,2," 10,850,000.00 "," 11,866,167.44 ",2,-1016167.44,0.43
Justin Turner,2024,1," 13,000,000.00 "," 11,206,748.75 ",1,1793251.25,-0.23
Kendrys Morales,2017,3," 11,000,000.00 "," 11,270,477.95 ",2,-270477.95,1.35
Kevin Kiermaier,2023,1," 9,000,000.00 "," 8,418,615.64 ",1,581384.36,-0.44
Kole Calhoun,2020,2," 8,000,000.00 "," 7,040,797.06 ",1,959202.94,0.60
Kole Calhoun,2022,1," 5,200,000.00 "," 6,228,898.00 ",1,-1028898.00,-0.39
Logan Morrison,2017,1," 2,500,000.00 "," 4,056,772.69 ",2,-1556772.69,-1.12
Logan Morrison,2018,1," 6,500,000.00 "," 9,931,545.53 ",2,-3431545.53,-0.76
Marcell Ozuna,2020,1," 18,000,000.00 "," 16,448,850.37 ",2,1551149.63,-1.45
Marcell Ozuna,2021,4," 16,250,000.00 "," 17,080,419.86 ",4,-830419.86,0.29
Marcus Semien,2021,1," 18,000,000.00 "," 14,373,206.81 ",2,3626793.19,-0.64
Marcus Semien,2022,7," 25,000,000.00 "," 23,818,914.24 ",5,1181085.76,2.41
Marwin Gonzalez,2019,2," 10,500,000.00 "," 10,575,836.42 ",2,-75836.42,0.15
Marwin Gonzalez,2021,1," 3,000,000.00 "," 3,402,865.00 ",1,-402865.00,-0.01
Matt Joyce,2020,1," 1,500,000.00 "," 4,517,154.67 ",1,-3017154.67,-0.33
Michael Brantley,2019,2," 16,000,000.00 "," 15,744,043.14 ",3,255956.86,-0.75
Michael Brantley,2021,2," 16,000,000.00 "," 15,264,526.96 ",2,735473.04,0.17
Michael Brantley,2023,1," 12,000,000.00 "," 10,767,730.41 ",1,1232269.59,-0.18
Mike Moustakas,2018,1," 6,500,000.00 "," 11,597,818.33 ",2,-5097818.33,-1.16
Mike Moustakas,2019,1," 10,000,000.00 "," 9,807,789.04 ",2,192210.96,-0.57
Mike Moustakas,2020,4," 16,000,000.00 "," 10,180,922.97 ",2,5819077.03,2.18
Mike Napoli,2017,1," 8,500,000.00 "," 8,541,819.39 ",1,-41819.39,-0.32
Mitch Moreland,2017,1," 5,500,000.00 "," 6,175,378.57 ",2,-675378.57,-0.64
Mitch Moreland,2018,2," 6,500,000.00 "," 5,915,300.12 ",1,584699.88,0.64
Neil Walker,2017,1," 17,200,000.00 "," 14,137,899.31 ",2,3062100.69,-0.64
Nelson Cruz,2019,1," 14,300,000.00 "," 15,549,658.48 ",2,-1249658.48,-0.55
Nelson Cruz,2021,1," 13,000,000.00 "," 18,395,194.21 ",2,-5395194.21,-1.47
Nelson Cruz,2022,1," 15,000,000.00 "," 12,140,961.48 ",1,2859038.52,-0.26
Nelson Cruz,2023,1," 1,000,000.00 "," 2,504,444.05 ",1,-1504444.05,-0.01
Nick Castellanos,2020,4," 16,000,000.00 "," 14,917,342.54 ",4,1082657.46,0.37
Nick Castellanos,2022,5," 20,000,000.00 "," 17,223,371.42 ",3,2776628.58,1.86
Nick Markakis,2019,1," 6,000,000.00 "," 6,392,656.59 ",1,-392656.59,0.23
Robbie Grossman,2021,2," 5,000,000.00 "," 7,458,655.66 ",2,-2458655.66,0.03
Robbie Grossman,2023,1," 2,000,000.00 "," 5,440,099.68 ",1,-3440099.68,-0.39
Ryan Zimmerman,2020,1," 2,000,000.00 "," 8,112,280.62 ",2,-6112280.62,-0.60
Todd Frazier,2018,2," 8,500,000.00 "," 8,704,274.05 ",2,-204274.05,0.43
Tommy Pham,2022,1," 7,500,000.00 "," 11,236,831.13 ",2,-3736831.13,-0.94
Tommy Pham,2023,1," 6,000,000.00 "," 5,524,634.40 ",1,475365.60,0.18
Wilson Ramos,2017,2," 6,250,000.00 "," 6,537,361.38 ",2,-287361.38,-0.01
Wilson Ramos,2021,1," 2,000,000.00 "," 3,790,463.17 ",1,-1790463.17,0.20
Yasmani Grandal,2019,1," 18,250,000.00 "," 18,426,751.61 ",2,-176751.61,-0.87
Yasmani Grandal,2020,4," 18,250,000.00 "," 17,851,482.15 ",4,398517.85,0.11
Yasmani Grandal,2024,1," 2,500,000.00 "," 4,889,646.88 ",1,-2389646.88,-0.16
Yoenis Cespedes,2016,3," 25,000,000.00 "," 23,765,071.44 ",3,1234928.56,-0.39
Yoenis Cespedes,2017,4," 27,500,000.00 "," 20,423,800.67 ",2,7076199.33,1.84
Aaron Hicks,2024,1," 740,000.00 "," 5,630,164.72 ",2,-4890164.72,-0.57
Aaron Judge,2023,9," 40,000,000.00 "," 41,938,502.82 ",7,-1938502.82,2.43
Adam Eaton,2021,1," 8,000,000.00 "," 9,801,455.65 ",2,-1801455.65,-1.32
Adam Jones,2019,1," 3,000,000.00 "," 5,132,501.61 ",1,-2132501.61,0.03
Adam Lind,2017,1," 1,500,000.00 "," 5,228,373.38 ",1,-3728373.38,-0.26
Adeiny Hechavarria,2020,1," 1,000,000.00 "," 2,405,882.14 ",1,-1405882.14,-0.25
Albert Pujols,2022,1," 2,500,000.00 "," 3,645,493.45 ",1,-1145493.45,-0.02
Alcides Escobar,2018,1," 2,500,000.00 "," 3,206,071.43 ",1,-706071.43,-0.29
Alexei Ramirez,2016,1," 4,000,000.00 "," 3,801,180.83 ",1,198819.17,-0.02
Amed Rosario,2024,1," 1,500,000.00 "," 3,513,075.99 ",3,-2013075.99,-1.68
Andrew Benintendi,2023,5," 15,000,000.00 "," 12,963,860.99 ",3,2036139.01,1.63
Anthony Rendon,2020,7," 35,000,000.00 "," 28,277,520.48 ",6,6722479.52,1.22
Ben Zobrist,2016,4," 14,000,000.00 "," 13,170,030.00 ",2,829970.00,1.75
Brandon Crawford,2024,1," 2,000,000.00 "," 4,289,652.63 ",1,-2289652.63,-0.10
Brandon Drury,2023,2," 8,500,000.00 "," 10,484,973.10 ",2,-1984973.10,-0.05
Brandon Moss,2017,2," 6,000,000.00 "," 4,950,278.33 ",1,1049721.67,1.02
Brandon Nimmo,2023,8," 20,250,000.00 "," 20,685,938.42 ",3,-435938.42,4.79
Brian Dozier,2019,1," 9,000,000.00 "," 9,760,193.48 ",1,-760193.48,-0.39
Brian McCann,2019,1," 2,000,000.00 "," 4,305,392.70 ",1,-2305392.70,0.04
Brock Holt,2020,1," 3,250,000.00 "," 5,005,890.00 ",1,-1755890.00,-0.37
Bryce Harper,2019,13," 25,384,615.00 "," 31,113,795.74 ",9,-5729180.74,4.05
Carlos Beltran,2017,1," 16,000,000.00 "," 13,165,299.83 ",1,2834700.17,-0.06
Carlos Gonzalez,2018,1," 5,000,000.00 "," 6,851,598.86 ",1,-1851598.86,-0.45
Cesar Hernandez,2021,1," 5,000,000.00 "," 6,236,008.33 ",2,-1236008.33,-0.59
Chris Davis,2016,7," 23,000,000.00 "," 25,442,125.16 ",6,-2442125.16,0.74
Chris Taylor,2022,4," 15,000,000.00 "," 13,027,071.05 ",3,1972928.95,0.83
Cody Bellinger,2024,3," 26,666,667.00 "," 23,898,634.41 ",3,2768032.59,-0.39
Corey Seager,2022,10," 32,500,000.00 "," 27,334,687.80 ",4,5165312.20,5.95
Curtis Granderson,2018,1," 5,000,000.00 "," 7,042,566.53 ",1,-2042566.53,-0.28
DJ LeMahieu,2019,2," 12,000,000.00 "," 11,505,517.21 ",2,494482.79,-0.30
Dansby Swanson,2023,7," 25,285,714.00 "," 16,743,258.01 ",2,8542455.99,4.78
David Peralta,2023,1," 6,500,000.00 "," 7,855,562.22 ",1,-1355562.22,-0.47
Eddie Rosario,2022,2," 9,000,000.00 "," 9,726,337.83 ",2,-726337.83,-0.23
Eduardo Escobar,2022,2," 10,000,000.00 "," 8,582,943.17 ",1,1417056.83,0.77
Eduardo Nunez,2018,1," 4,000,000.00 "," 5,290,009.56 ",2,-1290009.56,-0.74
Elvis Andrus,2023,1," 3,000,000.00 "," 4,298,723.78 ",1,-1298723.78,0.17
Eric Hosmer,2018,7," 20,571,429.00 "," 20,121,363.58 ",5,450065.42,1.92
Eric Thames,2020,1," 4,000,000.00 "," 7,999,027.47 ",2,-3999027.47,-0.87
Evan Longoria,2023,1," 4,000,000.00 "," 4,257,600.33 ",1,-257600.33,0.01
Francisco Cervelli,2020,1," 2,000,000.00 "," 5,064,162.46 ",2,-3064162.46,-1.00
Freddie Freeman,2022,6," 27,000,000.00 "," 24,888,541.49 ",5,2111458.51,0.73
Gary Sanchez,2024,1," 3,000,000.00 "," 9,233,452.41 ",2,-6233452.41,-1.11
George Springer,2021,6," 25,000,000.00 "," 16,864,427.70 ",3,8135572.30,3.04
Gerardo Parra,2016,3," 9,166,666.00 "," 10,585,813.33 ",3,-1419147.33,-0.02
Gio Urshela,2024,1," 1,500,000.00 "," 4,137,965.81 ",1,-2637965.81,-0.35
Hunter Pence,2020,1," 3,000,000.00 "," 3,124,465.36 ",1,-124465.36,0.07
Ian Kinsler,2019,2," 4,000,000.00 "," 6,099,489.76 ",1,-2099489.76,0.99
Isiah Kiner-Falefa,2024,2," 7,500,000.00 "," 6,338,718.80 ",2,1161281.20,0.02
Jace Peterson,2023,2," 4,750,000.00 "," 4,334,326.79 ",1,415673.21,1.12
Jackie Bradley Jr.,2021,2," 12,000,000.00 "," 10,538,377.07 ",2,1461622.93,0.30
Jake Lamb,2021,1," 1,000,000.00 "," 6,270,033.22 ",2,-5270033.22,-0.87
Javier Baez,2022,6," 23,333,333.00 "," 18,810,135.99 ",4,4523197.01,2.12
Jay Bruce,2018,3," 13,000,000.00 "," 11,095,416.87 ",2,1904583.13,0.68
Jean Segura,2023,2," 8,500,000.00 "," 5,968,302.06 ",1,2531697.94,0.87
Jeimer Candelario,2024,3," 15,000,000.00 "," 13,324,702.73 ",2,1675297.27,0.57
Jesus Aguilar,2023,1," 3,000,000.00 "," 4,604,971.50 ",1,-1604971.50,-0.41
Joey Wendle,2024,1," 2,000,000.00 "," 4,829,140.46 ",2,-2829140.46,-0.75
Jordy Mercer,2019,1," 5,250,000.00 "," 5,159,008.81 ",1,90991.19,-0.02
Jose Abreu,2020,3," 16,666,667.00 "," 14,961,566.38 ",2,1705100.62,1.08
Jose Bautista,2017,1," 18,500,000.00 "," 16,980,419.74 ",2,1519580.26,-0.70
Jose Iglesias,2020,1," 3,000,000.00 "," 3,973,825.95 ",1,-973825.95,-0.38
Jose Reyes,2018,1," 2,000,000.00 "," 2,839,618.33 ",1,-839618.33,-0.12
Josh Bell,2023,2," 16,500,000.00 "," 8,999,521.94 ",2,7500478.06,-0.11
Josh Reddick,2017,4," 13,000,000.00 "," 12,289,186.59 ",2,710813.41,1.91
Justin Smoak,2020,1," 5,000,000.00 "," 7,948,315.53 ",2,-2948315.53,-0.72
Justin Upton,2016,6," 22,125,000.00 "," 19,427,329.58 ",4,2697670.42,2.32
Kevin Pillar,2021,1," 3,250,000.00 "," 3,493,520.59 ",1,-243520.59,-0.09
Kolten Wong,2021,2," 9,000,000.00 "," 7,650,813.49 ",1,1349186.51,0.51
Kris Bryant,2022,7," 26,000,000.00 "," 23,901,115.87 ",6,2098884.13,1.11
Kyle Schwarber,2022,4," 19,750,000.00 "," 15,482,357.76 ",3,4267642.24,1.39
Leury Garcia,2022,3," 5,500,000.00 "," 5,502,236.11 ",2,-2236.11,0.60
Lorenzo Cain,2018,5," 16,000,000.00 "," 16,009,475.29 ",5,-9475.29,0.30
Lourdes Gurriel Jr.,2024,3," 14,000,000.00 "," 12,479,452.17 ",2,1520547.83,0.71
Lucas Duda,2018,1," 3,500,000.00 "," 7,743,615.61 ",2,-4243615.61,-0.61
Manny Machado,2019,10," 30,000,000.00 "," 27,451,632.91 ",8,2548367.09,1.78
Mark Canha,2022,2," 13,250,000.00 "," 10,537,102.08 ",2,2712897.92,0.17
Mark Trumbo,2017,3," 12,500,000.00 "," 11,339,399.88 ",2,1160600.12,1.06
Matt Carpenter,2023,2," 6,000,000.00 "," 11,009,907.52 ",2,-5009907.52,-0.06
Matt Chapman,2024,3," 18,000,000.00 "," 13,473,907.99 ",3,4526092.01,-0.11
Matt Duffy,2022,1," 1,500,000.00 "," 4,468,807.85 ",2,-2968807.85,-0.54
Michael A. Taylor,2024,1," 4,000,000.00 "," 5,006,359.52 ",1,-1006359.52,0.16
Michael Conforto,2023,2," 18,000,000.00 "," 17,128,039.97 ",2,871960.03,-0.23
Michael Saunders,2017,1," 9,000,000.00 "," 10,367,632.76 ",1,-1367632.76,-0.49
Mitch Haniger,2023,3," 14,500,000.00 "," 15,018,286.52 ",3,-518286.52,0.42
Randal Grichuk,2024,1," 2,000,000.00 "," 3,196,170.59 ",1,-1196170.59,-0.21
Rhys Hoskins,2024,2," 17,000,000.00 "," 15,289,810.32 ",2,1710189.68,-0.34
Starlin Castro,2020,2," 6,000,000.00 "," 5,361,719.52 ",1,638280.48,0.51
Starling Marte,2022,4," 19,500,000.00 "," 15,147,776.39 ",2,4352223.61,1.87
Stephen Vogt,2020,1," 3,000,000.00 "," 3,892,213.00 ",1,-892213.00,0.03
Tim Anderson,2024,1," 5,000,000.00 "," 5,835,340.60 ",2,-835340.60,-0.50
Tommy La Stella,2021,3," 6,250,000.00 "," 8,360,275.82 ",2,-2110275.82,0.56
Trea Turner,2023,11," 27,272,727.00 "," 25,102,755.73 ",6,2169971.27,4.55
Trevor Story,2022,6," 23,333,333.00 "," 19,283,110.30 ",3,4050222.70,2.60
Trey Mancini,2023,2," 7,000,000.00 "," 7,820,623.72 ",2,-820623.72,0.06
Tucker Barnhart,2023,2," 3,250,000.00 "," 3,208,139.17 ",1,41860.83,1.07
Whit Merrifield,2024,1," 8,000,000.00 "," 7,041,112.74 ",1,958887.26,0.17
Wil Myers,2023,1," 7,500,000.00 "," 9,206,250.63 ",1,-1706250.63,-0.31
Willson Contreras,2023,5," 17,500,000.00 "," 13,487,180.83 ",2,4012819.17,2.90
Wilmer Flores,2020,2," 3,125,000.00 "," 3,998,456.46 ",2,-873456.46,-0.01
Xander Bogaerts,2023,11," 25,454,545.00 "," 21,948,686.68 ",5,3505858.32,5.77
Yadier Molina,2021,1," 9,000,000.00 "," 4,461,302.35 ",1,4538697.65,0.23
Yonder Alonso,2018,2," 8,000,000.00 "," 8,164,908.88 ",2,-164908.88,0.42
Zack Cozart,2018,3," 12,666,666.00 "," 10,162,533.90 ",2,2504132.10,1.46
Shohei Ohtani (Hitter),2024,10," 70,000,000.00 "," 49,430,457.39 ",8,20569542.61,1.67
