"","Player","Offseason.Year","Years","AAV","Predicted_AAV","Predicted_Years","AAV_diff","Year_diff"
"1","Adam Ottavino",2019,3,8e+06,9049787.76236667,1.89520743637958,-1049787.76236667,1.10479256362042
"2","Adam Ottavino",2022,1,4e+06,4635579.72043333,1.10673822074126,-635579.720433333,-0.106738220741259
"3","Adam Ottavino",2023,2,7250000,8356229.9452,1.87929220165235,-1106229.9452,0.120707798347646
"4","Adam Ottavino",2024,1,4500000,4861783.8823,1.3279631588167,-361783.882300001,-0.327963158816702
"5","Adam Wainwright",2019,1,2e+06,4295822.77056666,1.07221827156864,-2295822.77056666,-0.0722182715686439
"6","Adam Wainwright",2020,1,5e+06,5898403.04183333,1.03134696662432,-898403.041833332,-0.0313469666243202
"7","Adam Wainwright",2021,1,8e+06,6838621.93126667,1.23179382978519,1161378.06873333,-0.231793829785188
"8","Alex Cobb",2018,4,14250000,13868987.7692667,2.27349134487106,381012.230733335,1.72650865512894
"9","Alex Cobb",2022,2,1e+07,8939962.21123333,1.50335356588579,1060037.78876667,0.496646434114214
"10","Alex Wood",2020,1,4e+06,8702790.26326666,2.44180168759996,-4702790.26326666,-1.44180168759996
"11","Alex Wood",2022,2,12500000,12944220.9833333,2.70070880088717,-444220.983333336,-0.700708800887172
"12","Alex Wood",2024,1,8500000,7346160.83053333,1.24826851519201,1153839.16946667,-0.248268515192012
"13","Andrew Cashner",2017,1,1e+07,7785216.64123333,1.2622315046935,2214783.35876667,-0.2622315046935
"14","Andrew Cashner",2018,2,8e+06,9598397.1833,1.17580197537477,-1598397.1833,0.824198024625233
"15","Andrew Chafin",2021,1,2250000,4312422.48983333,1.33501138289132,-2062422.48983333,-0.335011382891321
"16","Andrew Chafin",2022,2,6500000,7746976.64373333,1.95457440507833,-1246976.64373333,0.0454255949216731
"17","Andrew Miller",2019,2,12500000,14498843.2791,2.18398077440615,-1998843.2791,-0.18398077440615
"18","Anthony DeSclafani",2021,1,6e+06,8794606.09323333,2.00130961940684,-2794606.09323333,-1.00130961940684
"19","Anthony DeSclafani",2022,3,1.2e+07,12884034.5161333,1.95136367888177,-884034.516133333,1.04863632111823
"20","Aroldis Chapman",2017,5,17200000,15180514.7004333,2.25036625607063,2019485.29956667,2.74963374392937
"21","Bartolo Colon",2016,1,7250000,8441874.71826667,0.901107402225522,-1191874.71826667,0.0988925977744781
"22","Bartolo Colon",2017,1,12500000,11765863.8852,1.18254331138736,734136.114800001,-0.182543311387365
"23","Brad Boxberger",2022,1,2500000,5869086.66566666,1.37241807417136,-3369086.66566666,-0.372418074171359
"24","Brad Boxberger",2023,1,2800000,4028010.8328,1.34947626664057,-1228010.8328,-0.349476266640575
"25","Brad Brach",2019,1,3e+06,4267803.33283333,1.29674286707292,-1267803.33283333,-0.296742867072922
"26","Brad Hand",2021,1,10500000,10450139.1020333,1.97035157751867,49860.8979666699,-0.97035157751867
"27","Brad Hand",2022,1,6e+06,5495121.66403333,1.16188581874183,504878.335966666,-0.161885818741828
"28","Brandon Kintzler",2018,2,5e+06,5752113.88486667,1.87306481862207,-752113.884866665,0.126935181377932
"29","Brandon Kintzler",2020,1,3250000,3934929.1667,0.779901006629452,-684929.1667,0.220098993370548
"30","Brett Anderson",2016,1,15800000,13134389.4218333,2.07921755566741,2665610.57816667,-1.07921755566741
"31","Brett Anderson",2019,1,1500000,4716338.04433333,1.57812220183547,-3216338.04433333,-0.578122201835471
"32","Brett Anderson",2020,1,5e+06,8655022.7523,1.39534478807669,-3655022.7523,-0.395344788076687
"33","Brian Duensing",2018,2,3500000,4535923.88526667,1.13531846270522,-1035923.88526667,0.864681537294782
"34","Bryan Shaw",2018,3,9e+06,8678501.93153334,1.92678986951071,321498.068466661,1.07321013048929
"35","Bryan Shaw",2022,1,3e+06,3514292.50166667,0.95461201631631,-514292.501666666,0.0453879836836899
"36","Bud Norris",2016,1,2500000,3514016.3863,1.23823461149986,-1014016.3863,-0.238234611499863
"37","Bud Norris",2018,1,3e+06,3914128.0513,1.24608031022819,-914128.051300001,-0.246080310228186
"38","Carlos Villanueva",2016,1,1500000,3288109.44196667,1.39998674443428,-1788109.44196667,-0.399986744434284
"39","Charlie Morton",2017,2,7e+06,6639432.7768,1.35150645869565,360567.223200001,0.648493541304349
"40","Charlie Morton",2019,2,1.5e+07,14397223.2098,1.88702130974426,602776.790199999,0.112978690255745
"41","Charlie Morton",2021,1,1.5e+07,18543218.2217,3.10841704312731,-3543218.2217,-2.10841704312731
"42","Chris Archer",2021,1,6500000,9757248.88226667,2.09078264961581,-3257248.88226667,-1.09078264961581
"43","Chris Young",2016,2,5750000,5667378.88386667,1.04771070374565,82621.1161333341,0.95228929625435
"44","Clayton Kershaw",2019,3,3.1e+07,31343627.1151667,4.36848750732381,-343627.115166672,-1.36848750732381
"45","Clayton Kershaw",2022,1,1.7e+07,17593614.1260333,2.22145028983238,-593614.126033332,-1.22145028983238
"46","Clayton Kershaw",2023,1,2e+07,20443462.3917667,2.91267504092438,-443462.391766667,-1.91267504092438
"47","Clayton Kershaw",2024,2,5e+06,7520088.86966666,1.87289831289,-2520088.86966666,0.127101687110001
"48","Colby Lewis",2016,1,6e+06,7792219.7195,1.57818237229707,-1792219.7195,-0.578182372297068
"49","Collin McHugh",2020,1,6e+05,3965332.2183,1.52309560467438,-3365332.2183,-0.52309560467438
"50","Collin McHugh",2022,2,5e+06,8112712.8486,2.05071718426242,-3112712.8486,-0.0507171842624166
"51","Corey Kluber",2022,1,8e+06,15278139.1175333,2.63960891083351,-7278139.11753333,-1.63960891083351
"52","Corey Kluber",2023,1,1e+07,10665484.9502667,1.23585478767709,-665484.950266669,-0.23585478767709
"53","Craig Kimbrel",2019,3,14333333,15786474.8849667,2.71310480103063,-1453141.88496667,0.286895198969372
"54","Craig Kimbrel",2023,1,1e+07,8118756.66003333,1.16501686821723,1881243.33996667,-0.165016868217226
"55","Craig Kimbrel",2024,1,1.3e+07,11169798.3158,1.53519484777151,1830201.6842,-0.535194847771508
"56","Craig Stammen",2018,2,2250000,4093807.4986,1.415857958516,-1843807.4986,0.584142041484002
"57","Craig Stammen",2020,2,4500000,5997790.8253,1.43077227449726,-1497790.8253,0.569227725502741
"58","Dallas Keuchel",2019,1,1.3e+07,15163177.7736667,2.87257489397761,-2163177.77366666,-1.87257489397761
"59","Dallas Keuchel",2020,3,18500000,13225019.9827,1.42507152843504,5274980.0173,1.57492847156496
"60","Daniel Hudson",2017,2,5500000,6199630.5441,1.61811583626797,-699630.544099999,0.38188416373203
"61","Daniel Hudson",2020,2,5500000,4936069.99923334,1.14219540405421,563930.000766664,0.857804595945788
"62","Darren O'Day",2016,4,7750000,8858783.32143333,2.13582303389074,-1108783.32143333,1.86417696610926
"63","Darren O'Day",2020,1,2750000,4967714.16103333,1.2172149960334,-2217714.16103333,-0.217214996033396
"64","David Hernandez",2018,2,2500000,3766157.499,1.63267633464013,-1266157.499,0.367323665359874
"65","David Phelps",2019,1,2500000,4649290.82903333,1.59977779545503,-2149290.82903333,-0.599777795455033
"66","David Robertson",2019,2,11500000,11039927.1992667,1.74863285149799,460072.80073333,0.251367148502009
"67","David Robertson",2023,1,1e+07,8438442.21073333,1.17555304027069,1561557.78926667,-0.175553040270689
"68","David Robertson",2024,1,11500000,9464331.941,0.970025880648788,2035668.059,0.029974119351212
"69","Derek Holland",2017,1,6e+06,6023891.10836667,1.25112909476144,-23891.1083666673,-0.251129094761438
"70","Derek Holland",2019,1,7e+06,6033561.39046666,1.14541236032086,966438.609533336,-0.145412360320863
"71","Doug Fister",2016,1,7e+06,6214762.22056667,1.63473073425691,785237.779433331,-0.634730734256915
"72","Doug Fister",2017,1,4e+06,4699739.99996667,1.11445706939616,-699739.999966667,-0.114457069396161
"73","Doug Fister",2018,1,4e+06,4662462.77023333,1.20730680484129,-662462.770233331,-0.207306804841286
"74","Drew Pomeranz",2019,1,1500000,3662884.4318,1.66187190433401,-2162884.4318,-0.661871904334012
"75","Drew Pomeranz",2020,4,8500000,7639704.43713333,1.8226879620727,860295.56286667,2.1773120379273
"76","Drew Smyly",2020,1,4e+06,5433182.7746,1.51622589514566,-1433182.7746,-0.516225895145655
"77","Drew Smyly",2022,1,5250000,5373315.55556667,1.17229159391345,-123315.555566668,-0.172291593913454
"78","Drew Smyly",2023,2,9500000,6941766.0978,1.49992518614593,2558233.9022,0.500074813854069
"79","Edinson Volquez",2017,2,1.1e+07,9414882.20126666,1.19700520881283,1585117.79873334,0.802994791187165
"80","Eduardo Rodriguez",2022,5,15400000,14214059.9972333,2.07054333686604,1185940.00276667,2.92945666313396
"81","Eduardo Rodriguez",2024,4,2e+07,8146471.65233333,1.83938672322274,11853528.3476667,2.16061327677726
"82","Fernando Rodney",2016,1,2e+06,2677087.22166667,0.768151156656552,-677087.221666667,0.231848843343448
"83","Fernando Rodney",2017,1,2500000,3649401.66396667,0.841875902950037,-1149401.66396667,0.158124097049963
"84","Francisco Liriano",2018,1,4e+06,4534751.9366,1.24446902717872,-534751.9366,-0.244469027178721
"85","Garrett Richards",2019,2,7750000,7831093.87236667,1.90340202724197,-81093.8723666659,0.0965979727580262
"86","Garrett Richards",2022,1,5500000,5264771.3862,0.805482293123513,235228.613800001,0.194517706876487
"87","Ian Kennedy",2016,5,1.4e+07,10903884.4309,2.09426805233072,3096115.5691,2.90573194766928
"88","Ian Kennedy",2022,1,4750000,4861824.99833333,1.10735306461212,-111824.998333334,-0.107353064612116
"89","J.A. Happ",2016,3,1.2e+07,11820921.4261,2.05519202700962,179078.573899997,0.944807972990379
"90","J.A. Happ",2019,2,1.7e+07,12617943.1274667,1.74555285899983,4382056.87253333,0.254447141000171
"91","J.A. Happ",2021,1,8e+06,5728266.1038,0.980025387908741,2271733.8962,0.0199746120912585
"92","Jake Arrieta",2018,3,2.5e+07,20811774.6022,2.98818561199741,4188225.3978,0.0118143880025889
"93","Jake Arrieta",2021,1,6e+06,6633919.99133333,1.16448755714836,-633919.991333332,-0.164487557148363
"94","Jake Diekman",2020,2,3750000,4495682.22013334,1.89685616709066,-745682.220133335,0.103143832909338
"95","Jake Diekman",2022,2,4e+06,4939922.7768,1.30993561575615,-939922.776799999,0.690064384243855
"96","Jake Odorizzi",2020,1,17800000,15212273.607,2.05856034334774,2587726.393,-1.05856034334774
"97","James Paxton",2021,1,8500000,10472562.1735,2.07200306373958,-1972562.1735,-1.07200306373958
"98","James Paxton",2024,1,7e+06,6915622.21503333,1.56485987701473,84377.7849666653,-0.564859877014732
"99","Jason Hammel",2017,2,8e+06,7826970.81866667,1.76654187596807,173029.181333333,0.233458124031934
"100","Jeremy Hellickson",2017,1,17200000,14670781.529,2.10529299206485,2529218.471,-1.10529299206485
"101","Jeremy Hellickson",2019,1,1300000,3621115.27656667,1.41052229531124,-2321115.27656667,-0.410522295311238
"102","Jesse Chavez",2017,1,5750000,6540088.0491,1.49765694529252,-790088.049099999,-0.497656945292523
"103","Jesse Chavez",2018,1,1e+06,3018145.5576,1.10191926888531,-2018145.5576,-0.101919268885314
"104","Jesse Chavez",2019,2,4e+06,5904292.21713334,1.92986798595334,-1904292.21713334,0.0701320140466564
"105","Jeurys Familia",2019,3,1e+07,9427418.74976666,2.42325363391612,572581.250233339,0.576746366083878
"106","Jeurys Familia",2022,1,6e+06,5097647.77496667,1.10706089494723,902352.225033334,-0.107060894947229
"107","Jimmy Nelson",2022,1,7e+05,5377394.71613333,1.55961529299717,-4677394.71613333,-0.559615292997173
"108","Joakim Soria",2016,3,8333333,8736697.09733333,2.12768612369467,-403364.097333325,0.872313876305327
"109","Joakim Soria",2019,2,7500000,6249044.71676667,1.31787092579075,1250955.28323333,0.682129074209245
"110","Joakim Soria",2021,1,3500000,4647745.54273333,1.11767843607096,-1147745.54273333,-0.117678436070963
"111","Joe Blanton",2016,1,4e+06,5497645.59363333,1.83195157537352,-1497645.59363333,-0.83195157537352
"112","Joe Blanton",2017,1,4e+06,5272615.82153333,1.10345662626858,-1272615.82153333,-0.10345662626858
"113","Joe Kelly",2019,3,8333333,7378939.31693333,1.50515052768607,954393.683066675,1.49484947231393
"114","Joe Smith",2017,1,3e+06,4450405.8281,1.62693617413732,-1450405.8281,-0.626936174137324
"115","Jon Lester",2021,1,5e+06,8012693.05346667,1.34016158466658,-3012693.05346667,-0.340161584666576
"116","Jordan Lyles",2018,1,1e+06,3320805.5531,1.03119511438484,-2320805.5531,-0.031195114384841
"117","Jordan Lyles",2019,1,2050000,4103758.0345,1.71956062958421,-2053758.0345,-0.719560629584206
"118","Jordan Lyles",2020,2,8e+06,6325759.14896667,1.69834209189745,1674240.85103333,0.301657908102555
"119","Jordan Lyles",2022,1,7e+06,6098421.66873334,0.992390125004178,901578.331266665,0.00760987499582222
"120","Jordan Lyles",2023,2,8500000,7817661.65926667,1.50856803804811,682338.340733333,0.491431961951893
"121","Jose Quintana",2021,1,8e+06,11041036.8634,2.05265203584974,-3041036.8634,-1.05265203584974
"122","Jose Quintana",2023,2,1.3e+07,10585974.7170667,1.61360109345554,2414025.28293333,0.386398906544462
"123","Justin Verlander",2022,1,2.5e+07,25326366.5678333,2.20125425833916,-326366.567833323,-1.20125425833916
"124","Justin Verlander",2023,2,43333333,35619561.4288667,2.41603237589638,7713771.57113333,-0.416032375896376
"125","Justin Wilson",2019,2,5e+06,7110879.98386666,1.98841221402041,-2110879.98386666,0.0115877859795943
"126","Kendall Graveman",2020,1,2e+06,4526716.93703333,1.76738863496567,-2526716.93703333,-0.76738863496567
"127","Kenley Jansen",2017,5,1.6e+07,16963213.8050333,3.59287074597689,-963213.805033326,1.40712925402311
"128","Kenley Jansen",2022,1,1.6e+07,14687491.8027,1.7496479895869,1312508.1973,-0.749647989586899
"129","Kenley Jansen",2023,2,1.6e+07,12658291.6535667,1.84472767597665,3341708.34643334,0.155272324023347
"130","Kevin Gausman",2021,1,18900000,16288953.8732333,1.95557995119543,2611046.12676667,-0.955579951195426
"131","Kevin Gausman",2022,5,2.2e+07,22945033.7579667,4.17691517776976,-945033.75796666,0.823084822230239
"132","Kirby Yates",2021,1,5500000,10416911.3659333,3.22545797647429,-4916911.36593333,-2.22545797647429
"133","Kirby Yates",2024,1,4500000,5231573.60916667,0.903127224421599,-731573.609166667,0.0968727755784007
"134","Kyle Gibson",2020,3,9333333,8556555.16166666,1.51781868601615,776777.838333342,1.48218131398385
"135","Kyle Gibson",2023,1,1e+07,7229201.0995,1.29496591805081,2770798.9005,-0.294965918050815
"136","Kyle Gibson",2024,1,1.3e+07,11722576.3847,1.38588672891025,1277423.6153,-0.385886728910252
"137","Lance Lynn",2018,1,1.2e+07,8067398.31133333,1.41643894425584,3932601.68866667,-0.416438944255839
"138","Lance Lynn",2019,3,1e+07,9454563.3075,1.60589059287707,545436.692500003,1.39410940712293
"139","Lance Lynn",2024,1,1.1e+07,11100920.7929333,1.58950068757974,-100920.79293333,-0.58950068757974
"140","Liam Hendriks",2021,3,1.8e+07,14321428.4879,1.91286282295692,3678571.5121,1.08713717704308
"141","Liam Hendriks",2024,2,5e+06,10976815.9237,1.42473733567807,-5976815.9237,0.575262664321928
"142","Luke Gregerson",2018,2,5500000,6288466.46466667,1.55620059905074,-788466.464666667,0.443799400949255
"143","Marco Estrada",2016,2,1.3e+07,7546200.26496667,1.86903007270302,5453799.73503333,0.130969927296982
"144","Marco Estrada",2019,1,4e+06,4762205.83036667,1.01794827937499,-762205.830366667,-0.0179482793749886
"145","Marcus Stroman",2021,1,18900000,16719907.2064333,2.20878963649174,2180092.79356667,-1.20878963649174
"146","Marcus Stroman",2022,3,23666667,20826614.4368667,3.06989944520555,2840052.56313334,-0.0698994452055457
"147","Marcus Stroman",2024,2,18500000,15691813.8078,1.88501709561796,2808186.1922,0.114982904382044
"148","Mark Melancon",2017,4,15500000,14810931.2304333,3.19041124399626,689068.769566663,0.80958875600374
"149","Mark Melancon",2021,1,3e+06,5434683.7622,1.60890069624164,-2434683.7622,-0.60890069624164
"150","Mark Melancon",2022,2,7e+06,6768305.2688,1.47049122546107,231694.731200001,0.529508774538932
"151","Martín Pérez",2023,1,19650000,12399665.5306,1.15527674566975,7250334.4694,-0.155276745669749
"152","Martín Pérez",2024,1,8e+06,6987244.1812,0.909862058830818,1012755.8188,0.0901379411691821
"153","Matt Albers",2018,2,2500000,9794231.8414,1.66711820191709,-7294231.8414,0.332881798082906
"154","Matt Moore",2019,1,2500000,4082249.99886667,1.05757611473412,-1582249.99886667,-0.0575761147341183
"155","Matt Moore",2023,1,7500000,6170223.6074,1.14316835247422,1329776.3926,-0.143168352474218
"156","Max Scherzer",2022,3,43333333,33729006.9603333,3.11754637472066,9604326.03966667,-0.117546374720656
"157","Michael Lorenzen",2022,1,7e+06,6322737.47826666,1.41138896795138,677262.521733336,-0.411388967951379
"158","Michael Lorenzen",2023,1,8500000,7216698.58996666,1.78628270831266,1283301.41003334,-0.786282708312663
"159","Michael Lorenzen",2024,1,4500000,5948333.32266667,1.43530596734334,-1448333.32266667,-0.435305967343341
"160","Michael Pineda",2018,2,5e+06,8707440.18673333,2.5611032011774,-3707440.18673333,-0.561103201177402
"161","Michael Pineda",2020,2,1e+07,11225674.1975667,2.22000921039733,-1225674.19756667,-0.220009210397332
"162","Michael Pineda",2022,1,5500000,6316599.71583333,1.4597177904083,-816599.715833332,-0.4597177904083
"163","Michael Wacha",2020,1,3e+06,4803596.9287,1.77068195281089,-1803596.9287,-0.770681952810894
"164","Michael Wacha",2022,1,7e+06,7326220.26,1.57285793733738,-326220.259999998,-0.572857937337377
"165","Michael Wacha",2023,4,6500000,7573685.53713333,2.3352932603124,-1073685.53713333,1.6647067396876
"166","Michael Wacha",2024,2,1.6e+07,14108965.2745667,1.95142364656509,1891034.72543333,0.0485763534349113
"167","Mike Clevinger",2023,1,1.2e+07,12520424.4374,2.10604537393032,-520424.4374,-1.10604537393032
"168","Mike Clevinger",2024,1,3e+06,6290466.664,1.23649454083537,-3290466.664,-0.236494540835368
"169","Mike Minor",2018,3,9333333,11197617.3818333,2.73140527984824,-1864284.38183333,0.26859472015176
"170","Mike Minor",2021,2,9e+06,10764310.2316667,2.30306674397128,-1764310.23166667,-0.303066743971275
"171","Mychal Givens",2022,1,5e+06,5539591.6642,1.60778560330176,-539591.664199997,-0.607785603301762
"172","Mychal Givens",2023,1,5e+06,5498700.23753333,1.68784857430984,-498700.237533331,-0.687848574309841
"173","Nathan Eovaldi",2019,4,1.7e+07,14065828.3204667,2.05301358835301,2934171.67953333,1.94698641164699
"174","Nathan Eovaldi",2023,2,1.7e+07,13848063.8769667,1.64636133677579,3151936.12303333,0.353638663224215
"175","Nick Martinez",2023,3,8666667,6996312.88236667,1.21925791996184,1670354.11763333,1.78074208003816
"176","Nick Martinez",2024,2,1.3e+07,10441468.8773,1.83380993540114,2558531.1227,0.166190064598856
"177","Noah Syndergaard",2022,1,2.1e+07,21271930.7092,3.38043435557594,-271930.70920001,-2.38043435557594
"178","Noah Syndergaard",2023,1,1.3e+07,12972964.1536,1.91377402029159,27035.8463999983,-0.913774020291588
"179","Pat Neshek",2018,2,8125000,16147514.4742667,1.45811293154861,-8022514.47426667,0.541887068451392
"180","Rich Hill",2017,3,1.6e+07,16887382.5965667,2.07156954948755,-887382.59656667,0.928430450512448
"181","Rich Hill",2020,1,3e+06,5404954.43943333,1.52578457491739,-2404954.43943333,-0.525784574917393
"182","Rich Hill",2022,1,5e+06,5574627.21766667,0.847490131495469,-574627.217666665,0.152509868504531
"183","Rich Hill",2023,1,8e+06,7862756.09833333,0.859273187560694,137243.901666667,0.140726812439306
"184","Robbie Ray",2021,1,8e+06,9994418.0493,2.38096690867909,-1994418.0493,-1.38096690867909
"185","Robbie Ray",2022,5,2.3e+07,21991823.0892,5.1547929869949,1008176.91080001,-0.154792986994904
"186","Ryan Vogelsong",2016,1,2e+06,2892249.4424,0.805445239572656,-892249.442399999,0.194554760427344
"187","Sean Doolittle",2021,1,1500000,3797793.7647,0.945977924260973,-2297793.7647,0.0540220757390271
"188","Sean Manaea",2023,2,12500000,11696631.6525667,1.85586074265327,803368.347433336,0.144139257346729
"189","Sean Manaea",2024,2,1.4e+07,11132083.8821667,1.52273315066711,2867916.11783333,0.477266849332891
"190","Sergio Romo",2019,1,2500000,3856569.99773333,1.33195962836748,-1356569.99773333,-0.331959628367475
"191","Sergio Romo",2020,1,5e+06,5944861.09546666,1.10544567272587,-944861.095466661,-0.10544567272587
"192","Sergio Romo",2022,1,2e+06,3427571.38886667,0.852464588238705,-1427571.38886667,0.147535411761295
"193","Seth Lugo",2023,2,7500000,7371270.26356667,1.63108149728821,128729.736433335,0.368918502711794
"194","Seth Lugo",2024,3,1.5e+07,14195845.7125,1.82250056254122,804154.2875,1.17749943745878
"195","Shelby Miller",2023,1,1500000,7598110.53756666,1.25866427899232,-6098110.53756666,-0.25866427899232
"196","Steve Cishek",2018,2,6500000,7621489.9836,1.65504349810603,-1121489.9836,0.344956501893974
"197","Steve Cishek",2020,1,6e+06,4518280.5528,1.20226480744294,1481719.4472,-0.202264807442943
"198","Steve Cishek",2022,1,1750000,3054724.71686667,0.944180807002301,-1304724.71686667,0.0558191929976992
"199","Taijuan Walker",2021,2,7666666,7993489.2178,2.19930190764612,-326823.217799995,-0.199301907646117
"200","Taijuan Walker",2023,4,1.8e+07,14398224.3571333,1.93573544919371,3601775.64286667,2.06426455080629
"201","Tommy Hunter",2016,1,2e+06,4841456.93643333,1.84874917080444,-2841456.93643333,-0.848749170804441
"202","Tommy Hunter",2020,1,875000,3092017.77493333,1.17556157290404,-2217017.77493333,-0.175561572904036
"203","Tony Barnette",2018,1,1500000,3490661.38573333,1.35247791355719,-1990661.38573333,-0.352477913557191
"204","Trevor Cahill",2017,1,1750000,3641620.54943333,1.66628618680363,-1891620.54943333,-0.666286186803629
"205","Trevor Cahill",2018,1,1500000,3234534.4395,1.55462700633077,-1734534.4395,-0.554627006330774
"206","Trevor Cahill",2019,1,9e+06,8300885.82039999,1.81522904780591,699114.179600006,-0.815229047805915
"207","Trevor Cahill",2021,1,1500000,2649205.8381,0.902812841764963,-1149205.8381,0.0971871582350372
"208","Trevor May",2021,2,7750000,8115210.73853333,1.51247491493158,-365210.738533331,0.487525085068425
"209","Trevor May",2023,1,7e+06,7093562.65476667,1.75308993236993,-93562.6547666686,-0.753089932369934
"210","Tyler Anderson",2022,1,8e+06,8006553.8592,1.6992679153984,-6553.85919999704,-0.6992679153984
"211","Tyler Anderson",2023,3,1.3e+07,15025696.0132,2.23169258328752,-2025696.0132,0.768307416712484
"212","Tyler Chatwood",2018,3,12666666,10197607.5071,1.64846482774026,2469058.4929,1.35153517225974
"213","Tyler Chatwood",2021,1,3e+06,3597000.5512,1.4442871375829,-597000.5512,-0.444287137582903
"214","Tyler Clippard",2016,2,6125000,6085612.49546667,1.03244591958277,39387.5045333309,0.967554080417231
"215","Tyler Clippard",2020,1,2750000,3705286.66443333,1.10990867656104,-955286.664433333,-0.109908676561045
"216","Wade Miley",2019,1,4500000,6266849.97103333,1.33592885145577,-1766849.97103333,-0.335928851455766
"217","Wade Miley",2020,2,7500000,7472817.76856667,1.43260208313709,27182.2314333348,0.567397916862909
"218","Wade Miley",2023,1,4500000,7586922.4952,1.29144763137174,-3086922.4952,-0.291447631371744
"219","Wade Miley",2024,1,8500000,8000824.1675,1.27148972350543,499175.832500002,-0.271489723505434
"220","Will Smith",2020,3,13333333,12743008.7612,2.69062091596789,590324.238799999,0.309379084032107
"221","Will Smith",2023,1,1500000,3462829.99826667,1.87535192033066,-1962829.99826667,-0.875351920330665
"222","Yovani Gallardo",2016,2,1.1e+07,10795337.1771333,1.79184472051699,204662.822866667,0.20815527948301
"223","Yovani Gallardo",2018,1,2e+06,3134833.3351,0.913951954358372,-1134833.3351,0.0860480456416277
"224","Yusmeiro Petit",2018,2,5e+06,5912588.36856667,1.58587281390934,-912588.368566668,0.414127186090664
"225","Yusmeiro Petit",2021,1,2550000,5930798.5926,1.62258579913575,-3380798.5926,-0.622585799135749
"226","Zach Duke",2018,1,2150000,3759418.60803333,1.05613581590084,-1609418.60803333,-0.0561358159008387
"227","Zack Greinke",2016,6,34416666,29682452.8306333,6.08681654860815,4734213.16936667,-0.0868165486081471
"228","Zack Greinke",2022,1,1.3e+07,13426170.7879333,1.54194439301228,-426170.787933335,-0.541944393012281
"229","Zack Greinke",2023,1,8500000,7555084.71636667,0.855944197394907,944915.283633333,0.144055802605093
"230","Aaron Nola",2024,7,24571429,22184897.7487333,3.08441630263351,2386531.25126666,3.91558369736649
"231","Adam Warren",2019,1,2500000,4150778.6049,1.38313077292572,-1650778.6049,-0.383130772925721
"232","Addison Reed",2018,2,8375000,11722111.5144667,2.70267885216103,-3347111.51446667,-0.702678852161028
"233","Alex Colomé",2022,1,4100000,4942885.55493333,1.44121047880116,-842885.554933333,-0.441210478801155
"234","Alfredo Simon",2016,1,2e+06,3939338.87713333,1.11945735596299,-1939338.87713333,-0.119457355962988
"235","Andrew Heaney",2023,2,12500000,10181480.6644333,1.83469500262736,2318519.33556667,0.165304997372641
"236","Anthony Bass",2021,2,2500000,3814986.94673333,1.27042147700215,-1314986.94673333,0.729578522997851
"237","Archie Bradley",2022,1,3750000,5343924.9958,2.16647507367998,-1593924.9958,-1.16647507367998
"238","Blake Snell",2024,2,3.1e+07,22590794.9585333,2.19611417948425,8409205.04146667,-0.196114179484254
"239","Blake Treinen",2021,2,8750000,7970967.4938,1.69647226771207,779032.506200002,0.303527732287931
"240","Brad Ziegler",2017,2,6e+06,6420989.99126667,1.31264514997718,-420989.991266669,0.687354850022815
"241","Brandon Workman",2021,1,1e+06,5180842.76553333,1.30487554137848,-4180842.76553333,-0.304875541378477
"242","Brent Suter",2024,1,3e+06,4176956.66173333,1.23461383098323,-1176956.66173333,-0.234613830983227
"243","Buck Farmer",2024,1,2250000,5034258.05633333,1.0939223346252,-2784258.05633333,-0.0939223346251987
"244","CC Sabathia",2018,1,1e+07,8802043.32096666,1.35569919397564,1197956.67903334,-0.355699193975643
"245","Carlos Estévez",2023,2,6750000,7119285.54496667,1.31935689459318,-369285.544966667,0.680643105406818
"246","Chad Green",2023,2,4250000,8055886.21596666,2.34261783037227,-3805886.21596666,-0.342617830372267
"247","Chase Anderson",2021,1,4e+06,4507808.33406667,1.47063679388693,-507808.334066666,-0.470636793886932
"248","Chris Bassitt",2023,3,2.1e+07,16742528.1696667,1.54794323232088,4257471.83033333,1.45205676767912
"249","Chris Devenski",2024,1,1100000,4275505.35093333,1.63905385901033,-3175505.35093333,-0.63905385901033
"250","Chris Flexen",2024,1,1750000,3445741.11033333,1.21060094022336,-1695741.11033333,-0.21060094022336
"251","Chris Stratton",2024,2,4e+06,4661139.44033333,1.11516202546479,-661139.440333332,0.884837974535207
"252","Chris Tillman",2018,1,3e+06,3813329.99076667,1.36094258407305,-813329.990766666,-0.36094258407305
"253","Clay Buchholz",2019,1,3e+06,8281846.65126667,1.40474768340501,-5281846.65126667,-0.40474768340501
"254","Clayton Richard",2017,1,1750000,4323483.32353333,0.837579501934819,-2573483.32353333,0.162420498065181
"255","Cody Allen",2019,1,8500000,10257559.3369,2.0073756667976,-1757559.3369,-1.0073756667976
"256","Cole Hamels",2020,1,1.8e+07,13995970.8295,1.52639666554284,4004029.1705,-0.526396665542843
"257","Colin Rea",2024,1,4500000,4682544.7262,1.20176321231361,-182544.7262,-0.201763212313606
"258","Corey Knebel",2022,1,1e+07,12938265.2461,2.50152895857912,-2938265.2461,-1.50152895857912
"259","Daniel Norris",2022,1,1750000,4116008.60766667,1.51541819234468,-2366008.60766667,-0.515418192344676
"260","Danny Duffy",2022,1,3e+06,4493108.33246667,1.35514209015816,-1493108.33246667,-0.355142090158155
"261","David Price",2016,7,3.1e+07,28580919.5454333,5.75656506016233,2419080.45456666,1.24343493983767
"262","Dellin Betances",2020,1,5250000,12548409.5272333,2.56827923002873,-7298409.52723334,-1.56827923002873
"263","Dylan Bundy",2022,1,5e+06,5777580.80093333,1.80152649400749,-777580.80093333,-0.801526494007487
"264","Edwin Díaz",2023,5,20400000,16857710.5645667,4.0419591046498,3542289.43543333,0.9580408953502
"265","Emilio Pagán",2024,2,8e+06,6830505.98193333,1.45288576832191,1169494.01806667,0.547114231678086
"266","Fernando Salas",2017,1,3e+06,5086630.54686667,1.42729673263688,-2086630.54686667,-0.427296732636876
"267","Frankie Montas",2024,1,1.6e+07,14272934.0030333,1.90044820317008,1727065.99696667,-0.900448203170083
"268","Gerrit Cole",2020,9,3.6e+07,28500082.8179,3.91078025561972,7499917.18209999,5.08921974438028
"269","Heath Hembree",2022,1,2125000,3705458.33306667,1.37664729409757,-1580458.33306667,-0.376647294097568
"270","Hisashi Iwakuma",2016,1,1.2e+07,10383274.0435333,2.4851014275315,1616725.95646667,-1.4851014275315
"271","Homer Bailey",2020,1,7e+06,5961225.5603,0.905347640745465,1038774.4397,0.0946523592545352
"272","Hunter Strickland",2022,1,1825000,2948224.99986667,1.19803445879557,-1123224.99986667,-0.198034458795565
"273","Jack Flaherty",2024,1,1.4e+07,13929218.1256333,2.65565766870265,70781.8743666671,-1.65565766870265
"274","Jacob deGrom",2023,5,3.7e+07,29694985.4693,3.39257495887927,7305014.53069999,1.60742504112073
"275","Jakob Junis",2024,1,7e+06,7515694.9744,1.39227525589863,-515694.974399998,-0.392275255898627
"276","Jameson Taillon",2023,4,1.7e+07,15435336.6609667,2.29492843506321,1564663.33903334,1.70507156493679
"277","Jason Vargas",2018,2,8e+06,7347040.5544,1.16780192993329,652959.445600002,0.832198070066712
"278","Jeff Samardzija",2016,5,1.8e+07,14848876.1008667,2.06084744107952,3151123.89913334,2.93915255892048
"279","Jered Weaver",2017,1,3e+06,4255118.33853333,1.16200144478452,-1255118.33853333,-0.162001444784519
"280","John Brebbia",2024,1,5500000,5391036.66496667,1.07641669322319,108963.335033333,-0.0764166932231882
"281","John Lackey",2016,2,1.6e+07,15072545.5171,2.49987802110699,927454.482900003,-0.499878021106994
"282","Johnny Cueto",2016,6,21666666,20581820.4082333,3.74681848798488,1084845.59176666,2.25318151201512
"283","Jon Gray",2022,4,1.4e+07,14866875.7008333,2.33226989036696,-866875.700833326,1.66773010963304
"284","Jonathan Broxton",2016,2,3750000,4680860.553,1.55020711617904,-930860.552999999,0.449792883820955
"285","Jordan Hicks",2024,4,1.1e+07,8605099.9527,1.88283167759024,2394900.0473,2.11716832240976
"286","Jordan Montgomery",2024,1,2.5e+07,20438396.2758,2.25871377084685,4561603.7242,-1.25871377084685
"287","Jordan Zimmermann",2016,5,2.2e+07,18599913.1712333,2.48046967966145,3400086.82876667,2.51953032033855
"288","Jose Alvarez",2021,1,1150000,3444119.16536667,1.41994095698168,-2294119.16536667,-0.419940956981677
"289","Josh Hader",2024,5,1.9e+07,17353480.5093667,4.26450500947716,1646519.49063333,0.735494990522843
"290","Josh Tomlin",2021,1,1250000,3759768.0479,1.00364283158727,-2509768.0479,-0.00364283158727385
"291","José Cisnero",2024,1,1750000,3328425.82993333,1.17980688644302,-1578425.82993333,-0.179806886443016
"292","Juan Nicasio",2018,2,8500000,8186436.41076667,1.93929692808869,313563.589233331,0.0607030719113095
"293","Julio Teheran",2020,1,9e+06,7968547.4864,1.8555294366445,1031452.5136,-0.855529436644501
"294","Kelvin Herrera",2019,2,9e+06,9845004.686,2.25425597594979,-845004.685999995,-0.25425597594979
"295","Ken Giles",2021,2,3500000,6624244.90776666,2.27745325731443,-3124244.90776666,-0.277453257314432
"296","Kenta Maeda",2024,2,1.2e+07,11241883.1345,1.65231981927641,758116.865499998,0.34768018072359
"297","Keone Kela",2021,1,1200000,5705488.2057,3.14059510814193,-4505488.2057,-2.14059510814193
"298","Lucas Giolito",2024,2,19250000,11056580.6246333,2.35843068157993,8193419.37536666,-0.35843068157993
"299","Luis Garcia",2022,2,3500000,8258539.998,1.87931611272379,-4758539.998,0.120683887276214
"300","Luis García",2024,1,4250000,4703257.7688,0.992147597570636,-453257.768799999,0.0078524024293638
"301","Luis Severino",2024,1,1.3e+07,12179651.0988667,2.37363022401345,820348.901133331,-1.37363022401345
"302","Luke Jackson",2023,2,5750000,6869038.8431,2.29110644700119,-1119038.8431,-0.291106447001185
"303","Luke Weaver",2024,1,2e+06,5110139.70956667,1.53238197620793,-3110139.70956667,-0.532381976207933
"304","Madison Bumgarner",2020,5,1.7e+07,16856172.0436667,2.56132629948427,143827.956333332,2.43867370051573
"305","Mat Latos",2016,1,3e+06,10489299.9719,2.48741375908554,-7489299.97189999,-1.48741375908554
"306","Matt Harvey",2019,1,1.1e+07,10439598.8478,1.60892920675806,560401.152199998,-0.608929206758065
"307","Matt Shoemaker",2021,1,2e+06,4353199.15433333,1.47788763873946,-2353199.15433333,-0.477887638739461
"308","Matt Strahm",2023,2,7500000,8539356.9691,1.47132322156999,-1039356.9691,0.528676778430011
"309","Michael Fulmer",2023,1,4e+06,7585324.43646666,1.98458450831733,-3585324.43646666,-0.984584508317334
"310","Miguel Castro",2023,1,3500000,4346939.9852,1.31406281600079,-846939.985200001,-0.314062816000789
"311","Mike Leake",2016,5,1.6e+07,12524231.9202,3.45954874350281,3475768.07980001,1.54045125649719
"312","Mike Pelfrey",2016,2,8e+06,8639025.5436,1.43277713942953,-639025.543599999,0.567222860570467
"313","Patrick Corbin",2019,6,23333333,18913251.4591667,2.35613334324341,4420081.54083332,3.64386665675659
"314","Pedro Strop",2020,1,1825000,3657365.55276667,1.16295159119559,-1832365.55276667,-0.162951591195592
"315","Phil Maton",2024,1,6500000,6388386.6616,1.55201645530178,111613.338400001,-0.552016455301784
"316","R.A. Dickey",2017,1,8e+06,6935020.29253333,0.851653933117927,1064979.70746667,0.148346066882073
"317","Rafael Montero",2023,3,11500000,8886784.97806667,1.43117327122848,2613215.02193333,1.56882672877152
"318","Raisel Iglesias",2022,4,14500000,12658750.7339667,2.16919101252824,1841249.26603333,1.83080898747176
"319","Rick Porcello",2020,1,1e+07,10980792.7229667,1.8153295699406,-980792.722966662,-0.815329569940602
"320","Robert Stephenson",2024,3,1.1e+07,8676727.49653333,1.64775629760916,2323272.50346667,1.35224370239084
"321","Ross Stripling",2023,2,12500000,10934867.0984667,1.63015094451281,1565132.90153334,0.369849055487188
"322","Ryan Brasier",2024,2,4500000,5363481.6226,1.13654798615309,-863481.6226,0.863452013846911
"323","Ryan Madson",2016,3,7333333,8075515.19936666,1.89163899481752,-742182.199366656,1.10836100518248
"324","Ryan Tepera",2022,2,7e+06,6608090.26596666,1.5311099761885,391909.734033337,0.468890023811503
"325","Ryne Stanek",2024,1,4e+06,6262990.5518,1.3799224140398,-2262990.5518,-0.379922414039796
"326","Scott Alexander",2024,1,2250000,3694519.71926667,1.14442586266551,-1444519.71926667,-0.144425862665513
"327","Scott Feldman",2017,1,2300000,5808696.38753333,1.43620917870994,-3508696.38753333,-0.436209178709944
"328","Scott Kazmir",2016,3,1.6e+07,14061796.7420667,1.85151255306695,1938203.25793334,1.14848744693305
"329","Shane Greene",2021,1,1500000,3418309.99816667,1.32546876892841,-1918309.99816667,-0.325468768928415
"330","Shintaro Fujinami",2024,1,3350000,3798004.99673333,1.21661114630682,-448004.996733333,-0.216611146306821
"331","Shohei Ohtani",2024,10,7e+07,20637459.6617333,4.2071640306863,49362540.3382667,5.7928359693137
"332","Sonny Gray",2024,3,2.5e+07,18921577.7769667,1.89055673413774,6078422.22303333,1.10944326586226
"333","Stephen Strasburg",2020,7,3.5e+07,28454516.7905,3.58332801426196,6545483.2095,3.41667198573804
"334","Steven Matz",2022,4,1.1e+07,10248881.0906667,1.6557428967499,751118.909333332,2.3442571032501
"335","T.J. McFarland",2022,1,2500000,4741426.66366667,1.2690973410997,-2241426.66366667,-0.269097341099698
"336","Tanner Roark",2020,2,1.2e+07,9951569.98773333,1.53625225746138,2048430.01226667,0.463747742538624
"337","Taylor Rogers",2023,3,1.1e+07,10837881.1799333,1.99676908504756,162118.820066664,1.00323091495244
"338","Tim Lincecum",2016,1,2500000,3199598.0525,0.899521705259502,-699598.052500001,0.100478294740498
"339","Tommy Kahnle",2023,2,5750000,7788519.07586666,2.49306518947916,-2038519.07586666,-0.493065189479156
"340","Tony Watson",2018,2,4500000,5145456.65913333,1.57338809978567,-645456.659133333,0.426611900214335
"341","Travis Wood",2017,2,6e+06,6775321.10493333,1.61379613063694,-775321.104933333,0.386203869363056
"342","Trevor Bauer",2021,3,3.4e+07,24390882.6957,2.47695320688084,9609117.30430001,0.523046793119158
"343","Trevor Rosenthal",2021,1,1.1e+07,10231281.2975333,1.80263877219632,768718.702466669,-0.802638772196316
"344","Trevor Williams",2023,2,6500000,7178279.98933333,1.42161918390819,-678279.989333333,0.578380816091815
"345","Tyler Mahle",2024,2,1.1e+07,9186913.31233333,2.17862906709603,1813086.68766667,-0.178629067096033
"346","Tyson Ross",2019,1,5750000,7489510.54833333,1.61236309948893,-1739510.54833333,-0.61236309948893
"347","Wandy Peralta",2024,4,16500000,11892554.1634,1.62790332678069,4607445.83660001,2.37209667321931
"348","Wei-Yin Chen",2016,5,1.6e+07,15069547.9709333,3.01113432672163,930452.029066663,1.98886567327837
"349","Will Harris",2020,3,8e+06,8052985.49883333,1.90872180229359,-52985.4988333276,1.09127819770641
"350","Yoshihisa Hirano",2020,1,1600000,3478506.94043333,1.1928780397415,-1878506.94043333,-0.192878039741499
"351","Yu Darvish",2018,6,2.1e+07,21185482.4206333,2.65657829285272,-185482.420633327,3.34342170714728
"352","Yusei Kikuchi",2022,3,1.2e+07,8999747.77776667,1.24472923227229,3000252.22223333,1.75527076772771
"353","Zach Davies",2023,1,5e+06,5627626.10913334,1.58930291144885,-627626.109133337,-0.589302911448847
"354","Zach Eflin",2023,3,13333333,10341197.3655333,1.37054458710219,2992135.63446667,1.62945541289781
"355","Zack Britton",2019,3,1.3e+07,15712023.0735333,3.41725296528868,-2712023.07353334,-0.417252965288677
"356","Zack Wheeler",2020,5,23600000,18934209.4308333,2.00939230278878,4665790.56916666,2.99060769721122
